CREATE DATABASE  IF NOT EXISTS `internsanta_db` /*!40100 DEFAULT CHARACTER SET utf8mb3 */ /*!80016 DEFAULT ENCRYPTION='N' */;
USE `internsanta_db`;
-- MySQL dump 10.13  Distrib 8.0.29, for Win64 (x86_64)
--
-- Host: k7a207.p.ssafy.io    Database: internsanta_db
-- ------------------------------------------------------
-- Server version	8.0.29

/*!40101 SET @OLD_CHARACTER_SET_CLIENT=@@CHARACTER_SET_CLIENT */;
/*!40101 SET @OLD_CHARACTER_SET_RESULTS=@@CHARACTER_SET_RESULTS */;
/*!40101 SET @OLD_COLLATION_CONNECTION=@@COLLATION_CONNECTION */;
/*!50503 SET NAMES utf8 */;
/*!40103 SET @OLD_TIME_ZONE=@@TIME_ZONE */;
/*!40103 SET TIME_ZONE='+00:00' */;
/*!40014 SET @OLD_UNIQUE_CHECKS=@@UNIQUE_CHECKS, UNIQUE_CHECKS=0 */;
/*!40014 SET @OLD_FOREIGN_KEY_CHECKS=@@FOREIGN_KEY_CHECKS, FOREIGN_KEY_CHECKS=0 */;
/*!40101 SET @OLD_SQL_MODE=@@SQL_MODE, SQL_MODE='NO_AUTO_VALUE_ON_ZERO' */;
/*!40111 SET @OLD_SQL_NOTES=@@SQL_NOTES, SQL_NOTES=0 */;

--
-- Table structure for table `advent_calendar`
--

DROP TABLE IF EXISTS `advent_calendar`;
/*!40101 SET @saved_cs_client     = @@character_set_client */;
/*!50503 SET character_set_client = utf8mb4 */;
CREATE TABLE `advent_calendar` (
  `advent_calendar_id` bigint NOT NULL AUTO_INCREMENT,
  `advent_calendar_check` datetime(6) NOT NULL,
  `member_id` bigint DEFAULT NULL,
  PRIMARY KEY (`advent_calendar_id`),
  KEY `FK4ghcg12kl4fp4u4kg2pr2dq07` (`member_id`),
  CONSTRAINT `FK4ghcg12kl4fp4u4kg2pr2dq07` FOREIGN KEY (`member_id`) REFERENCES `member` (`member_id`)
) ENGINE=InnoDB AUTO_INCREMENT=2 DEFAULT CHARSET=utf8mb3;
/*!40101 SET character_set_client = @saved_cs_client */;

--
-- Dumping data for table `advent_calendar`
--

LOCK TABLES `advent_calendar` WRITE;
/*!40000 ALTER TABLE `advent_calendar` DISABLE KEYS */;
INSERT INTO `advent_calendar` VALUES (1,'2022-11-18 10:56:08.577000',3);
/*!40000 ALTER TABLE `advent_calendar` ENABLE KEYS */;
UNLOCK TABLES;

--
-- Table structure for table `fortune`
--

DROP TABLE IF EXISTS `fortune`;
/*!40101 SET @saved_cs_client     = @@character_set_client */;
/*!50503 SET character_set_client = utf8mb4 */;
CREATE TABLE `fortune` (
  `fortune_id` bigint NOT NULL AUTO_INCREMENT,
  `fortune_content` varchar(50) NOT NULL,
  PRIMARY KEY (`fortune_id`)
) ENGINE=InnoDB AUTO_INCREMENT=34 DEFAULT CHARSET=utf8mb3;
/*!40101 SET character_set_client = @saved_cs_client */;

--
-- Dumping data for table `fortune`
--

LOCK TABLES `fortune` WRITE;
/*!40000 ALTER TABLE `fortune` DISABLE KEYS */;
INSERT INTO `fortune` VALUES (1,'오늘 저녁엔 소고기를 먹어볼까'),(2,'좋은 일이 일어날 것 같은 날이야!'),(3,'난 너무 완벽해'),(4,'내가 너무 귀여운 탓이지..'),(5,'오늘은 나서지 말고 조용히 있어야겠어'),(6,'이 답답한 속을 달래기 위해 빙수를 먹어야겠어'),(7,'루돌프를 조심해..!'),(8,'산타클로스가 제일 좋아하는 음식은 민스파이야'),(9,'오늘은 일찍 자야겠어'),(10,'오후에 좋은 일이 생길거야'),(11,'이불 밖은 위험한데 왜 난 여기에'),(12,'이 고비를 잘 넘겨야 합니다'),(13,'의욕이 넘치네요'),(14,'오늘까지만 참는다'),(15,'예상치 못한 잔업이 있습니다'),(16,'서두르지 마세요'),(17,'참으면 반드시 득이 돼요'),(18,'나는 노동자, 슬픈 내 눈동자'),(19,'스치면 인연 스며들면 스폰지밥'),(20,'신경 쓰지 말고 마이웨이'),(21,'먹어도 먹어도 배고프네'),(22,'역시 내가 귀여운 탓인가'),(23,'난 좀 더 행복할 자격이 있어'),(24,'본인을 믿으세요'),(25,'여유를 가져보자'),(26,'옛 친구를 만나게 됩니다'),(27,'과감하게 시도하세요'),(28,'치열하게 아무것도 안 하고 싶다'),(29,'지나간 일에 미련을 갖지 마라'),(30,'선택과 집중이 필요합니다'),(31,'시작만 하면 어떻게든 되겠네요'),(32,'충동구매를 조심해야 합니다.'),(33,'사랑은 사랑으로 잊는거야');
/*!40000 ALTER TABLE `fortune` ENABLE KEYS */;
UNLOCK TABLES;

--
-- Table structure for table `member`
--

DROP TABLE IF EXISTS `member`;
/*!40101 SET @saved_cs_client     = @@character_set_client */;
/*!50503 SET character_set_client = utf8mb4 */;
CREATE TABLE `member` (
  `member_id` bigint NOT NULL AUTO_INCREMENT,
  `member_email` varchar(100) NOT NULL,
  `member_pwd` varchar(20) NOT NULL,
  `member_nickname` varchar(20) NOT NULL,
  `member_chapter` int NOT NULL DEFAULT '0',
  `member_checkpoint` int NOT NULL DEFAULT '0',
  `member_coin` int NOT NULL DEFAULT '0',
  `member_ticket` int NOT NULL DEFAULT '0',
  `member_top` varchar(500) DEFAULT 'https://internsanta.s3.ap-northeast-2.amazonaws.com/texture/0/texture.png',
  `member_pet` int NOT NULL DEFAULT '0',
  `member_seal_id` bigint DEFAULT NULL,
  PRIMARY KEY (`member_id`),
  KEY `FKgbs2mhds0ey74bsf1qi6uvpih` (`member_seal_id`),
  CONSTRAINT `FKgbs2mhds0ey74bsf1qi6uvpih` FOREIGN KEY (`member_seal_id`) REFERENCES `member_seal` (`member_seal_id`)
) ENGINE=InnoDB AUTO_INCREMENT=108 DEFAULT CHARSET=utf8mb3;
/*!40101 SET character_set_client = @saved_cs_client */;

--
-- Dumping data for table `member`
--

LOCK TABLES `member` WRITE;
/*!40000 ALTER TABLE `member` DISABLE KEYS */;
INSERT INTO `member` VALUES (1,'yangksks@gmail.com','1234','양경섭',4,0,9911,7,'https://internsanta.s3.ap-northeast-2.amazonaws.com/texture/1/87cfc4a3c0fc09fa8ee23b23e7443400309d96fcc4917b3d2e4b903598535bc7.png',2,1),(2,'mino','1234','최강자정미노',10,0,11106939,18,'https://internsanta.s3.ap-northeast-2.amazonaws.com/texture/2/ca5f0ac1bbd29d76768fbe982c96c8cb1f6f71b97c40283e25dd127e666feb01.png',2,2),(3,'syong0716@naver.com','hyeseong98','강해상',4,1,16334,20,'https://internsanta.s3.ap-northeast-2.amazonaws.com/texture/3/bd09b5dd724aa0946d0fe204824c0d6fa4c1035030b9eb2dc39eeb012eaf8d23.png',3,3),(4,'wonjh07@naver.com','lmh30220','최강재호',10,0,10008185,12,'https://internsanta.s3.ap-northeast-2.amazonaws.com/texture/4/c7df6ce8aa3bab85a5104ff9c41bf3a1e5d8252a5ba72398fa8fc8148b7a14b3.png',8,4),(5,'asdf@naver.com','asdfff','asdf',10,0,9919567,62,'https://internsanta.s3.ap-northeast-2.amazonaws.com/texture/5/7be917942f6197a73873c2e3b122d6af3204a246b54eecfe6a324145dfc537d1.png',2,5),(6,'msms@naver.com','asdfff','민서',10,0,10027109,5,'https://internsanta.s3.ap-northeast-2.amazonaws.com/texture/6/79013adf525006728373456067701288b9fe5e4506315fd1e9a3a9bbee0168e7.png',1,6),(7,'test@naver.com','asdfff','테스트',0,0,9999999,0,'https://internsanta.s3.ap-northeast-2.amazonaws.com/texture/0/texture.png',0,7),(8,'aaa@naver.com','q1w2e3r4','닉네임',10,0,9990197,7,'https://internsanta.s3.ap-northeast-2.amazonaws.com/texture/8/b2e9142ff5963acb653b752efba9560f104955f29ee5a1fc39f28efc082e0e0f.png',1,8),(9,'apitest@test.com','1234','apitest',0,1,9999999,0,'https://internsanta.s3.ap-northeast-2.amazonaws.com/texture/9/texture.png',2,9),(10,'apitest2@test.com','1234','apitest',0,0,9999999,0,'https://internsanta.s3.ap-northeast-2.amazonaws.com/texture/0/texture.png',0,10),(11,'n@g.com','dkssud12','하잉',10,0,32029,0,'https://internsanta.s3.ap-northeast-2.amazonaws.com/texture/11/889962b2a88f1062534607d7a13c10ee0c5946831e7e7b6d2aa2d88d7a039c0f.png',6,11),(12,'dev.dukgu@kakao.com','121415','김덕구',0,0,1368,0,'https://internsanta.s3.ap-northeast-2.amazonaws.com/texture/0/texture.png',0,12),(13,'123@asd.com','123456','123',0,0,0,0,'https://internsanta.s3.ap-northeast-2.amazonaws.com/texture/0/texture.png',0,13),(14,'test1234@test.com','12341234','염탐꾼',0,0,35,0,'https://internsanta.s3.ap-northeast-2.amazonaws.com/texture/0/texture.png',0,14),(15,'kyu@naver.com','!QAZ2wsx','규규',0,0,10,0,'https://internsanta.s3.ap-northeast-2.amazonaws.com/texture/0/texture.png',0,15),(16,'kk_st1@naver.com','gozldrmawl7','김지수',0,0,0,0,'https://internsanta.s3.ap-northeast-2.amazonaws.com/texture/0/texture.png',0,16),(17,'asd@asd.asd','123456','1234',0,0,0,0,'https://internsanta.s3.ap-northeast-2.amazonaws.com/texture/0/texture.png',0,17),(18,'ssafy@ssafy.com','123456','멍멍',2,0,13,0,'https://internsanta.s3.ap-northeast-2.amazonaws.com/texture/0/texture.png',0,18),(19,'aaa@aaa.com','123412','1234',0,0,40,0,'https://internsanta.s3.ap-northeast-2.amazonaws.com/texture/0/texture.png',0,19),(20,'jiww@efw.a','1234qwer','12rfe',0,0,72,0,'https://internsanta.s3.ap-northeast-2.amazonaws.com/texture/0/texture.png',0,20),(21,'consultant@ssafy.com','consul123','컨입니다',0,0,47,0,'https://internsanta.s3.ap-northeast-2.amazonaws.com/texture/0/texture.png',0,21),(22,'aaaa@naver.com','aaaa1234!','민서짱',0,0,122,0,'https://internsanta.s3.ap-northeast-2.amazonaws.com/texture/0/texture.png',0,22),(23,'ggg@naver.com','123456','ggg',0,0,23,0,'https://internsanta.s3.ap-northeast-2.amazonaws.com/texture/0/texture.png',0,23),(24,'test@ssafy.com','test','test',2,1,5586871,6,'https://internsanta.s3.ap-northeast-2.amazonaws.com/texture/0/texture.png',0,24),(25,'aaa@aaa.aaa','aaaaaa','aaaa',0,0,14,0,'https://internsanta.s3.ap-northeast-2.amazonaws.com/texture/0/texture.png',0,25),(26,'wnsguddl92@naver.com','joon6903','Maa',0,0,0,0,'https://internsanta.s3.ap-northeast-2.amazonaws.com/texture/0/texture.png',0,26),(27,'gg@gg.com','gggggg','ㅎㅎㅎㅎ',0,0,0,0,'https://internsanta.s3.ap-northeast-2.amazonaws.com/texture/0/texture.png',0,27),(28,'gggg@gg.com','gggggg','Ggg',0,0,0,0,'https://internsanta.s3.ap-northeast-2.amazonaws.com/texture/0/texture.png',0,28),(29,'santa@naver.com','123456','인턴산타',0,0,0,0,'https://internsanta.s3.ap-northeast-2.amazonaws.com/texture/0/texture.png',0,29),(30,'tt@tt.com','123456','tt',0,0,1000,0,'https://internsanta.s3.ap-northeast-2.amazonaws.com/texture/30/6c58b5414100819af34768f755a1c3de149dab505706618d0501acaffdf6d02f.png',0,30),(31,'t@t.com','123456','ttt',2,0,2500,0,'https://internsanta.s3.ap-northeast-2.amazonaws.com/texture/31/740905de43bff1b2c3123afd43547c769937e16e43c7ec9c01c1411874ba2ab0.png',0,31),(32,'dannba1@naver.com','alsgml94','빈지도',1,0,1000,0,'https://internsanta.s3.ap-northeast-2.amazonaws.com/texture/0/texture.png',0,32),(33,'wonjh06@naver.co','lmh30220','누군지맞춰바라',10,0,9638,0,'https://internsanta.s3.ap-northeast-2.amazonaws.com/texture/33/3620324d8ba88e798deaca01063e038e0489e51fafa0285ad21422e4cf826a04.png',8,33),(34,'123123@n.com','022256','쮸쮸',10,0,68,35,'https://internsanta.s3.ap-northeast-2.amazonaws.com/texture/34/8c90214b55e0abe2f289daece8bbb5ec2314235a6923dbebaf4dfc90d0bacdd6.png',5,34),(35,'gj3034@naver.com','123456','1234',0,0,0,0,'https://internsanta.s3.ap-northeast-2.amazonaws.com/texture/0/texture.png',0,35),(36,'dlscjs8646@gmail.com','81934879','랄랄라',10,0,3107,22,'https://internsanta.s3.ap-northeast-2.amazonaws.com/texture/0/texture.png',0,36),(37,'lhk924@gmail.com','121314','박우탄',0,0,0,0,'https://internsanta.s3.ap-northeast-2.amazonaws.com/texture/0/texture.png',0,37),(38,'jongsun1993@gmail.com','123456','pjs',2,0,2500,0,'https://internsanta.s3.ap-northeast-2.amazonaws.com/texture/38/e44149ac049589d02aec7d75fb42898479a1cef6dd88976cbe32e13cbae86ba6.png',0,38),(39,'whiterisi@naver.com','qwer1234','하이루',10,0,8125,29,'https://internsanta.s3.ap-northeast-2.amazonaws.com/texture/39/266db84b691c5137e7c733d4cb0d32309e4e8076918dca8fbe4aec2f51ff7cfc.png',0,39),(40,'v_yongjun_v@naver.com','j32610','도토리',0,0,0,0,'https://internsanta.s3.ap-northeast-2.amazonaws.com/texture/0/texture.png',0,40),(41,'ssanta@aaa.aaa','123456','zasdd',2,0,2500,0,'https://internsanta.s3.ap-northeast-2.amazonaws.com/texture/41/cadb138830f3697c1523e4c4cdf8857beadebf710aa0b478a079171e04b9ed84.png',0,41),(42,'ssafys@ssafy.com','ssafys','ssafy',0,0,0,0,'https://internsanta.s3.ap-northeast-2.amazonaws.com/texture/0/texture.png',0,42),(43,'ehdrms121@naver.com','2735684qq!','동근',2,0,2500,0,'https://internsanta.s3.ap-northeast-2.amazonaws.com/texture/0/texture.png',0,43),(44,'lejinyoung@naver.com','wlsduddl6970','ㅇㅈㅇ',0,0,0,0,'https://internsanta.s3.ap-northeast-2.amazonaws.com/texture/0/texture.png',0,44),(45,'x@x.com','xxxxxx','as',2,0,2500,0,'https://internsanta.s3.ap-northeast-2.amazonaws.com/texture/0/texture.png',1,45),(46,'test1234@naver.com','q1w2e3r4','test',10,0,32000,0,'https://internsanta.s3.ap-northeast-2.amazonaws.com/texture/46/fe36cad6a97ffc68fa57b33bf2e740008ccee32cc501c500ec718af981dbc81e.png',8,46),(47,'qwe@qwe.com','qwe123','QWE',0,0,0,0,'https://internsanta.s3.ap-northeast-2.amazonaws.com/texture/0/texture.png',0,47),(48,'test2222@naver.com','test2222','test2',2,0,2500,0,'https://internsanta.s3.ap-northeast-2.amazonaws.com/texture/48/f9f2f1162f85a248395264b989a2d8c4909dc2aee897d3daa428a8ba073bc41e.png',0,48),(49,'wonjh04@naver.com','lmh30220','원재호호',10,0,29220,0,'https://internsanta.s3.ap-northeast-2.amazonaws.com/texture/49/fb710931706826cf411edf851e9fef885fc18dd424318f0915dd91d2564f4930.png',2,49),(50,'joy96817@naver.com','dlsxjstksxk','JOY',1,1,1000,0,'https://internsanta.s3.ap-northeast-2.amazonaws.com/texture/0/texture.png',0,50),(51,'qooktree@naver.com','homin2smad','계약직 산타 1',0,0,0,0,'https://internsanta.s3.ap-northeast-2.amazonaws.com/texture/0/texture.png',0,51),(52,'ppp@naver.com','aaaaaa','안뇽',6,1,1700,2,'https://internsanta.s3.ap-northeast-2.amazonaws.com/texture/52/2e3fefd5d565c7428afadb8218f6b250bef65ce45f7f40fead3761f3768c3574.png',5,52),(53,'rkdgus943@naver.com','tmvh2423943!','강토리',10,0,99,22,'https://internsanta.s3.ap-northeast-2.amazonaws.com/texture/53/32c96b53edb16b98b3bfa8bdc4fb13a400c7b0d81e51b45022d1e6d62b80b108.png',5,53),(54,'ydy1107@naver.com','s5011728y!','뇨냐니뇨',1,1,0,0,'https://internsanta.s3.ap-northeast-2.amazonaws.com/texture/0/texture.png',0,54),(55,'wonjh01@naver.com','lmh112553','jaeho',4,1,4005,0,'https://internsanta.s3.ap-northeast-2.amazonaws.com/texture/55/2853bd4364cbabbbb71c3dffb137c09f6115e507e32ebb20e22401bec6210e89.png',8,55),(56,'ssafy07a20@naver.com','Tkvl12','ssay99기',8,0,105,11,'https://internsanta.s3.ap-northeast-2.amazonaws.com/texture/56/3bdcbf71c47fa9ae2c77b82b7cf4d7f78a2843765d35fd0250ba8b947da49296.png',4,56),(57,'ayoung.park@multicampus.com','tjdnf2qks','프로싼타',8,0,12063,5,'https://internsanta.s3.ap-northeast-2.amazonaws.com/texture/0/texture.png',5,57),(58,'qoqls1212@naver.com','gksqls12','한빈',10,0,26,75,'https://internsanta.s3.ap-northeast-2.amazonaws.com/texture/58/f0a14daf330de95556256a282a8f3ef218f2510ddcaa16419e27fe31a0aa6908.png',8,58),(59,'kh.kim9700@gmail.com','hwan1297!','오렌지사탕',2,2,2726,0,'https://internsanta.s3.ap-northeast-2.amazonaws.com/texture/59/3827e3ffffc2b727734839dbd1bddde3093ed0842238f7d0b0c43bfd911a369d.png',1,59),(60,'tevem1207@gmail.com','xogml1234','황태희',8,1,4001,112,'https://internsanta.s3.ap-northeast-2.amazonaws.com/texture/60/4ecbcff7fcbaac226cdadb7b7a5627b6cec833308cb94cbc8b71816e71f95286.png',0,60),(61,'haru@gmail.com','haru1234','김하루',10,0,93,21,'https://internsanta.s3.ap-northeast-2.amazonaws.com/texture/61/daa479870eb6a5cfbfa75941b153d91cd21c8f94e717815d9984dacb0ecc9d7b.png',4,61),(62,'msms12@naver.com','mimi1234','민서짱짱짱',8,0,648,12,'https://internsanta.s3.ap-northeast-2.amazonaws.com/texture/62/474b63979cc343762d057e605deaff62eec0fe106daaa65184c3deeb71dd24d2.png',2,62),(63,'ssafy.a206@gmail.com','123123','sdfefrgr',3,0,4416,0,'https://internsanta.s3.ap-northeast-2.amazonaws.com/texture/63/6d20573dc2eac51d72eddbd96add5a54342ce891bd071b18258d56374efce00e.png',1,63),(64,'danijde71@naver.com','wjdekdms616','dani',1,0,1200,0,'https://internsanta.s3.ap-northeast-2.amazonaws.com/texture/0/texture.png',0,64),(65,'new@naver.com','123456','yk',10,0,32008,0,'https://internsanta.s3.ap-northeast-2.amazonaws.com/texture/0/texture.png',0,65),(66,'gggg@naver.com','gggggg','ggg',0,0,53,0,'https://internsanta.s3.ap-northeast-2.amazonaws.com/texture/0/texture.png',0,66),(67,'test525@gmail.com','haruharu','해루미',1,2,116,0,'https://internsanta.s3.ap-northeast-2.amazonaws.com/texture/67/397836930d5b80993b531b899f45d116288b9fd0d204aedcfc923d8431f65fae.png',4,67),(68,'wldusdl1023@naver.com','123456','1급살인자',1,0,0,0,'https://internsanta.s3.ap-northeast-2.amazonaws.com/texture/0/texture.png',0,68),(69,'julynz0721@gmail.com','123456','불꽃카리스마민호',0,0,0,0,'https://internsanta.s3.ap-northeast-2.amazonaws.com/texture/0/texture.png',0,78),(70,'a@n.com','123456','ab',0,0,0,0,'https://internsanta.s3.ap-northeast-2.amazonaws.com/texture/0/texture.png',0,79),(71,'tkdlfnd@naver.com','tkdlfnd123','윤숩',10,0,44,20,'https://internsanta.s3.ap-northeast-2.amazonaws.com/texture/71/e46beec48a178da5f3c0136b4474d90c01e57cbc48401f81877d55e1f4aeb4d8.png',5,80),(72,'chwon03@naver.com','1q2w3e4r!','산타산타',10,0,133,21,'https://internsanta.s3.ap-northeast-2.amazonaws.com/texture/72/9ed9b553ed1a223cdabe5c3a21bd2a28e159b5b4593e5194c5d66217dff52660.png',2,81),(73,'kci8311@gmail.com','RzcGQQxps52As7u','chanil',0,0,0,0,'https://internsanta.s3.ap-northeast-2.amazonaws.com/texture/0/texture.png',0,82),(74,'chshin59@gmail.com','1qaz!QAZ23','test',10,0,32116,0,'https://internsanta.s3.ap-northeast-2.amazonaws.com/texture/74/e571ca73ef496ebc65d94b8a3e72fb5caf91aef15db8518b3ec10305913c88da.png',2,83),(75,'ddd@gmail.com','dddddd','dddddd',1,1,1000,0,'https://internsanta.s3.ap-northeast-2.amazonaws.com/texture/0/texture.png',0,84),(76,'wonjh10@naver.com','lmh112553','인턴산타',1,2,1000,0,'https://internsanta.s3.ap-northeast-2.amazonaws.com/texture/76/bc921a71ba61bfb52e921602f5e9c7b4ba495e2ac85f57564e6d62a44b5a6b8f.png',0,85),(77,'gmltjs4107@gmail.com','gmltjs4107','hass',0,0,0,0,'https://internsanta.s3.ap-northeast-2.amazonaws.com/texture/0/texture.png',0,86),(78,'hynamoh@naver.com','1234hy!','쭌이들파파',2,0,2500,0,'https://internsanta.s3.ap-northeast-2.amazonaws.com/texture/0/texture.png',0,87),(79,'wonjh00@naver.com','lmh112553','인턴산타',7,1,12449,1,'https://internsanta.s3.ap-northeast-2.amazonaws.com/texture/79/a4cb4f4a7ec59d73d3db8e64dfb0fe8944324c16d2e1e28d3ed6a97b34126e65.png',2,88),(80,'aa@sdf.com','aa1234','산타텔미',3,0,65,1,'https://internsanta.s3.ap-northeast-2.amazonaws.com/texture/80/1b0b58e4ba5cb764c4d3d62edd2f65efa408631022c5c8a1903155aa75fdf530.png',4,89),(81,'coach10@ssafy.com','qwer1234','진명',0,0,41,0,'https://internsanta.s3.ap-northeast-2.amazonaws.com/texture/0/texture.png',0,90),(82,'example@gmail.com','qwer1234!@#$','saaaaantaaaaa',0,0,0,0,'https://internsanta.s3.ap-northeast-2.amazonaws.com/texture/0/texture.png',0,91),(83,'ljs@naver.com','asdasd11','gamlee',0,0,0,0,'https://internsanta.s3.ap-northeast-2.amazonaws.com/texture/0/texture.png',0,92),(84,'abcd1234@gmail.com','123456','김우창',0,0,0,0,'https://internsanta.s3.ap-northeast-2.amazonaws.com/texture/0/texture.png',0,93),(85,'dksgusah@gmail.com','123456','안현모',0,0,0,0,'https://internsanta.s3.ap-northeast-2.amazonaws.com/texture/0/texture.png',0,94),(86,'littlesanta@naver.com','12341234','귀요미산타',0,0,0,0,'https://internsanta.s3.ap-northeast-2.amazonaws.com/texture/0/texture.png',0,95),(87,'tjdytpq0310@gmail.com','0310@tjdytpq','호에엥',0,0,36,0,'https://internsanta.s3.ap-northeast-2.amazonaws.com/texture/0/texture.png',0,96),(88,'sunyeong0412@naver.com','tlstjsdud1','선짱',10,0,51,22,'https://internsanta.s3.ap-northeast-2.amazonaws.com/texture/88/8935ab728d6b191423e4ef48e419389f37869d96be0d72b3fd3d6aeca4ab53a7.png',5,97),(89,'ghjk4852@gmail.com','skdb2563','슈퍼마카롱',1,0,1435,0,'https://internsanta.s3.ap-northeast-2.amazonaws.com/texture/0/texture.png',0,98),(90,'ck963296@naver.com','gjckdrms96','허창근',0,0,1000,0,'https://internsanta.s3.ap-northeast-2.amazonaws.com/texture/0/texture.png',0,99),(91,'hinoel1@naver.com','hi121255','유르재르',0,0,0,0,'https://internsanta.s3.ap-northeast-2.amazonaws.com/texture/0/texture.png',0,100),(92,'tjrb123@naver.com','asd135135','jangseo',3,1,4477,0,'https://internsanta.s3.ap-northeast-2.amazonaws.com/texture/0/texture.png',5,101),(93,'111@1.1','111111','1111',10,0,192,0,'https://internsanta.s3.ap-northeast-2.amazonaws.com/texture/93/5f5db08b9e41fea7fd213ef0f9442e2aad8fe9f24fd6f005199ffc26501b6139.png',2,102),(94,'abc@def.com','123456','1234',0,0,0,0,'https://internsanta.s3.ap-northeast-2.amazonaws.com/texture/0/texture.png',0,103),(95,'fdsfds@gmail.com','rla789456123','갓갓갓',2,0,2500,0,'https://internsanta.s3.ap-northeast-2.amazonaws.com/texture/0/texture.png',0,104),(96,'rkfla5030@naver.com','dbstlrqkqh','시기시기',0,0,0,0,'https://internsanta.s3.ap-northeast-2.amazonaws.com/texture/0/texture.png',0,105),(97,'ssafy1@naver.com','lmh112553','원싸피',0,0,2,0,'https://internsanta.s3.ap-northeast-2.amazonaws.com/texture/97/521febdcbbc71db6a6348541713060c83d83461c9a5dedb5a45397bb3edc1a99.png',2,106),(98,'hi@hi.com','123456','hi',2,2,2500,0,'https://internsanta.s3.ap-northeast-2.amazonaws.com/texture/98/8243b881de5d06cf07867ff7fe5948d071d001bf1a3a22755cdc4f2ab4e97dc2.png',0,107),(99,'ssafy2@naver.com','lmh112553','싸피산타',5,1,3989,0,'https://internsanta.s3.ap-northeast-2.amazonaws.com/texture/99/12ea7280a091961a09ace50658b2d216f641ab12e142a5aed96f11175c84f063.png',2,108),(100,'qndjd711@gmail.com','ssafyA303!','재호민서혜성민호경섭화이팅',0,0,0,0,'https://internsanta.s3.ap-northeast-2.amazonaws.com/texture/0/texture.png',0,109),(101,'test101@gmail.com','shdydfo144$','sujsjdjd',0,0,0,0,'https://internsanta.s3.ap-northeast-2.amazonaws.com/texture/0/texture.png',0,110),(102,'SOL@NAVER.COM','12341234','SOL',0,0,0,0,'https://internsanta.s3.ap-northeast-2.amazonaws.com/texture/0/texture.png',0,111),(103,'ssafytest@ssafy.com','123456','ssafygood',0,0,0,0,'https://internsanta.s3.ap-northeast-2.amazonaws.com/texture/0/texture.png',0,112),(104,'sky25052@naver.com','qwer1234','아메리카노얼음많이',10,0,956,16,'https://internsanta.s3.ap-northeast-2.amazonaws.com/texture/104/1e161fedb216423e6e50193b72a73686c3c5f4a140b41b32c6cddf914885a10a.png',1,113),(105,'haeun@ssafy.com','haeun00','하은쓰',2,0,2638,0,'https://internsanta.s3.ap-northeast-2.amazonaws.com/texture/105/b6baa5acd6c621e97faffbf6a37496b61e0c0d7d39359626bf552e2e4d3828eb.png',5,114),(106,'rover48@hanmail.net','dlckdgus','역삼역아이린',0,0,235,0,'https://internsanta.s3.ap-northeast-2.amazonaws.com/texture/0/texture.png',0,115),(107,'rrimm012@gmail.com','zse135612/','리밍밍구',10,0,62,19,'https://internsanta.s3.ap-northeast-2.amazonaws.com/texture/107/c40428688f55fb7729c96f8c6c605abfc29b999966d0c25c6f77ac04090b0370.png',2,116);
/*!40000 ALTER TABLE `member` ENABLE KEYS */;
UNLOCK TABLES;

--
-- Table structure for table `member_seal`
--

DROP TABLE IF EXISTS `member_seal`;
/*!40101 SET @saved_cs_client     = @@character_set_client */;
/*!50503 SET character_set_client = utf8mb4 */;
CREATE TABLE `member_seal` (
  `member_seal_id` bigint NOT NULL AUTO_INCREMENT,
  `member_seals` varchar(100) DEFAULT NULL,
  PRIMARY KEY (`member_seal_id`)
) ENGINE=InnoDB AUTO_INCREMENT=117 DEFAULT CHARSET=utf8mb3;
/*!40101 SET character_set_client = @saved_cs_client */;

--
-- Dumping data for table `member_seal`
--

LOCK TABLES `member_seal` WRITE;
/*!40000 ALTER TABLE `member_seal` DISABLE KEYS */;
INSERT INTO `member_seal` VALUES (1,'4,11,8,13,13,9,11,3,11,7,12,9'),(2,'35,5,1,10,7,9,8,5,9,12,9,9'),(3,'0,0,1,1,0,1,5,4,1,4,1,2'),(4,'8,9,3,0,1,12,9,6,3,6,3,6'),(5,'3,19,3,3,1,18,15,8,13,3,1,12'),(6,'4,6,6,1,0,3,2,8,5,2,1,2'),(7,'0,0,0,0,0,0,0,0,0,0,0,0'),(8,'1,6,0,12,3,3,6,1,4,8,3,6'),(9,'0,0,0,0,0,0,1,0,0,0,0,0'),(10,'0,0,0,0,0,0,0,0,0,0,0,0'),(11,'0,0,0,0,0,0,1,0,1,1,1,0'),(12,'0,0,0,0,0,0,0,0,0,0,0,0'),(13,'0,0,0,0,0,0,0,0,0,0,0,0'),(14,'0,0,0,0,0,0,0,0,0,0,0,0'),(15,'0,0,0,0,0,0,0,0,0,0,0,0'),(16,'0,0,0,0,0,0,0,0,0,0,0,0'),(17,'0,0,0,0,0,0,0,0,0,0,0,0'),(18,'0,0,0,0,0,0,0,0,0,0,0,0'),(19,'0,0,0,0,0,0,0,0,0,0,0,0'),(20,'0,0,0,0,0,0,0,0,0,0,0,0'),(21,'0,0,0,0,0,0,0,0,0,0,0,0'),(22,'0,0,0,0,0,0,0,0,0,0,0,0'),(23,'0,0,0,0,0,0,0,0,0,0,0,0'),(24,'4,3,9,2,4,2,3,1,0,5,3,2'),(25,'0,0,0,0,0,0,0,0,0,0,0,0'),(26,'0,0,0,0,0,0,0,0,0,0,0,0'),(27,'0,0,0,0,0,0,0,0,0,0,0,0'),(28,'0,0,0,0,0,0,0,0,0,0,0,0'),(29,'0,0,0,0,0,0,0,0,0,0,0,0'),(30,'0,0,0,0,0,0,0,0,0,0,0,0'),(31,'0,0,0,0,0,0,0,0,0,0,0,0'),(32,'0,0,0,0,0,0,0,0,0,0,0,0'),(33,'3,2,3,2,1,5,4,3,9,3,5,3'),(34,'8,12,6,12,13,10,9,4,0,4,4,10'),(35,'0,0,0,0,0,0,0,0,0,0,0,0'),(36,'9,0,6,8,11,2,5,7,2,9,3,14'),(37,'0,0,0,0,0,0,0,0,0,0,0,0'),(38,'0,0,0,0,0,0,0,0,0,0,0,0'),(39,'8,9,0,3,0,13,1,7,0,9,8,8'),(40,'0,0,0,0,0,0,0,0,0,0,0,0'),(41,'0,0,0,0,0,0,0,0,0,0,0,0'),(42,'0,0,0,0,0,0,0,0,0,0,0,0'),(43,'0,3,1,2,3,0,3,0,1,0,2,1'),(44,'0,0,0,0,0,0,0,0,0,0,0,0'),(45,'0,0,0,0,0,0,0,0,0,0,0,0'),(46,'0,0,1,2,0,1,2,0,2,0,2,0'),(47,'4,3,2,3,2,4,4,1,1,2,4,2'),(48,'0,0,0,0,0,0,0,0,0,0,0,0'),(49,'4,5,1,1,4,3,1,4,4,5,4,4'),(50,'0,0,0,0,0,0,0,0,0,0,0,0'),(51,'0,0,0,0,0,0,0,0,0,0,0,0'),(52,'8,6,8,5,5,2,0,8,7,4,6,0'),(53,'8,4,12,0,7,9,8,7,5,3,0,3'),(54,'1,2,0,0,1,1,1,3,1,0,0,0'),(55,'1,3,4,4,3,1,3,1,4,1,3,2'),(56,'13,5,0,13,9,6,5,3,11,6,9,8'),(57,'7,4,12,7,14,0,13,11,8,11,8,5'),(58,'6508,6566,6678,6566,6440,6675,6639,6668,6553,6670,6666,6815'),(59,'0,0,0,0,0,0,0,0,0,0,0,0'),(60,'11245,11115,11349,11325,11447,10826,11107,11128,11377,11017,11059,11041'),(61,'10,8,6,15,14,10,9,15,0,8,14,10'),(62,'7,13,2,9,3,3,8,7,14,14,0,6'),(63,'0,0,0,0,0,0,1,0,0,0,0,0'),(64,'0,0,0,0,0,0,0,0,0,0,0,0'),(65,'0,0,1,0,2,0,3,0,0,2,0,2'),(66,'0,0,0,0,0,0,0,0,0,0,0,0'),(67,'1,0,1,0,2,3,1,0,1,0,0,1'),(68,'0,0,0,0,0,0,0,0,0,0,0,0'),(78,'0,0,0,0,0,0,0,0,0,0,0,0'),(79,'0,0,0,0,0,0,0,0,0,0,0,0'),(80,'4,15,0,9,3,10,12,15,7,9,2,4'),(81,'8,12,12,9,8,1,5,2,10,20,5,18'),(82,'0,0,0,0,0,0,0,0,0,0,0,0'),(83,'0,1,1,0,2,2,1,2,0,0,1,0'),(84,'0,0,0,0,0,0,0,0,0,0,0,0'),(85,'0,0,0,0,0,0,0,0,0,0,0,0'),(86,'0,0,0,0,0,0,0,0,0,0,0,0'),(87,'0,0,0,0,0,0,0,0,0,0,0,0'),(88,'0,1,4,0,0,2,1,1,3,6,0,0'),(89,'1,2,1,6,1,4,5,1,2,4,4,2'),(90,'0,0,0,0,0,0,0,0,0,0,0,0'),(91,'0,0,0,0,0,0,0,0,0,0,0,0'),(92,'0,0,0,0,0,0,0,0,0,0,0,0'),(93,'8250,8309,8305,8267,8181,8474,8296,8272,8281,8210,8288,8255'),(94,'25174,24671,24842,25083,25042,25059,24854,24938,24905,24737,25076,25019'),(95,'0,0,0,0,0,0,0,0,0,0,0,0'),(96,'0,0,0,0,0,0,0,0,0,0,0,0'),(97,'0,3,9,8,10,9,3,4,11,1,5,3'),(98,'0,0,0,0,0,0,1,0,0,0,0,0'),(99,'0,0,0,0,0,0,0,0,0,0,0,0'),(100,'0,0,0,0,0,0,0,0,0,0,0,0'),(101,'0,0,1,0,0,0,0,0,0,0,0,0'),(102,'1,1,2,3,0,1,0,1,1,0,0,1'),(103,'0,0,0,0,0,0,0,0,0,0,0,0'),(104,'0,0,0,0,0,0,0,0,0,0,0,0'),(105,'0,0,0,0,0,0,0,0,0,0,0,0'),(106,'2,2,2,4,0,0,3,2,1,2,2,0'),(107,'0,0,0,0,0,0,0,0,0,0,0,0'),(108,'0,0,0,1,1,2,1,0,0,1,3,1'),(109,'0,0,0,0,0,0,0,0,0,0,0,0'),(110,'0,0,0,0,0,0,0,0,0,0,0,0'),(111,'0,0,0,0,0,0,0,0,0,0,0,0'),(112,'0,0,0,0,0,0,0,0,0,0,0,0'),(113,'9,20,19,12,12,6,17,5,4,0,14,10'),(114,'1,1,2,2,1,0,1,0,1,0,1,0'),(115,'0,0,0,0,0,0,0,0,0,0,0,0'),(116,'5,8,9,10,7,16,0,11,12,14,3,8');
/*!40000 ALTER TABLE `member_seal` ENABLE KEYS */;
UNLOCK TABLES;

--
-- Table structure for table `minigame`
--

DROP TABLE IF EXISTS `minigame`;
/*!40101 SET @saved_cs_client     = @@character_set_client */;
/*!50503 SET character_set_client = utf8mb4 */;
CREATE TABLE `minigame` (
  `minigame_id` bigint NOT NULL AUTO_INCREMENT,
  `member_id` bigint DEFAULT NULL,
  `member_nickname` varchar(255) NOT NULL,
  `minigame_score` int NOT NULL,
  `minigame_type` tinyint NOT NULL,
  `minigame_playtime` timestamp NOT NULL DEFAULT CURRENT_TIMESTAMP,
  PRIMARY KEY (`minigame_id`),
  KEY `FK1dfcst0dea3h0iqsvq842px9h` (`member_id`),
  CONSTRAINT `FK1dfcst0dea3h0iqsvq842px9h` FOREIGN KEY (`member_id`) REFERENCES `member` (`member_id`)
) ENGINE=InnoDB AUTO_INCREMENT=1535 DEFAULT CHARSET=utf8mb3;
/*!40101 SET character_set_client = @saved_cs_client */;

--
-- Dumping data for table `minigame`
--

LOCK TABLES `minigame` WRITE;
/*!40000 ALTER TABLE `minigame` DISABLE KEYS */;
INSERT INTO `minigame` VALUES (1,5,'asdf',5,2,'2022-11-23 06:44:29'),(2,5,'asdf',16,1,'2022-11-23 06:45:04'),(3,2,'최강자정미노',86,2,'2022-11-23 06:51:12'),(4,2,'최강자정미노',50,2,'2022-11-23 06:51:48'),(5,2,'최강자정미노',2,2,'2022-11-23 06:51:50'),(6,2,'최강자정미노',14,2,'2022-11-23 06:52:01'),(7,2,'최강자정미노',71,2,'2022-11-23 06:52:20'),(8,2,'최강자정미노',1,2,'2022-11-23 06:52:32'),(9,2,'최강자정미노',4,2,'2022-11-23 06:52:33'),(10,81,'진명',42,2,'2022-11-23 06:53:05'),(11,2,'최강자정미노',72,2,'2022-11-23 06:53:09'),(12,2,'최강자정미노',1,2,'2022-11-23 06:53:12'),(13,2,'최강자정미노',15,2,'2022-11-23 06:53:37'),(14,2,'최강자정미노',74,2,'2022-11-23 06:53:37'),(15,2,'최강자정미노',2,2,'2022-11-23 06:53:42'),(16,2,'최강자정미노',2,2,'2022-11-23 06:53:42'),(17,2,'최강자정미노',59,2,'2022-11-23 06:54:07'),(18,2,'최강자정미노',1,2,'2022-11-23 06:54:08'),(19,81,'진명',90,2,'2022-11-23 06:54:10'),(20,2,'최강자정미노',2,2,'2022-11-23 06:54:10'),(21,2,'최강자정미노',11,2,'2022-11-23 06:54:12'),(22,2,'최강자정미노',2,2,'2022-11-23 06:54:30'),(23,2,'최강자정미노',12,2,'2022-11-23 06:54:32'),(24,2,'최강자정미노',61,2,'2022-11-23 06:54:42'),(25,2,'최강자정미노',2,2,'2022-11-23 06:54:43'),(26,2,'최강자정미노',6,2,'2022-11-23 06:54:45'),(27,5,'asdf',13,2,'2022-11-23 06:54:46'),(28,2,'최강자정미노',12,2,'2022-11-23 06:54:47'),(29,2,'최강자정미노',20,2,'2022-11-23 06:54:52'),(30,2,'최강자정미노',2,2,'2022-11-23 06:54:53'),(31,2,'최강자정미노',10,2,'2022-11-23 06:55:00'),(32,2,'최강자정미노',69,2,'2022-11-23 06:55:25'),(33,2,'최강자정미노',2,2,'2022-11-23 06:55:27'),(34,81,'진명',35,1,'2022-11-23 06:55:38'),(35,2,'최강자정미노',15,2,'2022-11-23 06:55:39'),(36,2,'최강자정미노',82,2,'2022-11-23 06:56:13'),(37,2,'최강자정미노',1,2,'2022-11-23 06:56:15'),(38,2,'최강자정미노',1,2,'2022-11-23 06:56:15'),(39,2,'최강자정미노',60,2,'2022-11-23 06:56:36'),(40,2,'최강자정미노',1,2,'2022-11-23 06:56:37'),(41,2,'최강자정미노',2,2,'2022-11-23 06:56:38'),(42,2,'최강자정미노',75,2,'2022-11-23 06:57:12'),(43,2,'최강자정미노',35,1,'2022-11-23 06:58:15'),(44,5,'asdf',30,1,'2022-11-23 06:58:37'),(45,2,'최강자정미노',32,1,'2022-11-23 06:59:04'),(46,81,'진명',70,2,'2022-11-23 07:00:57'),(47,81,'진명',1,2,'2022-11-23 07:01:06'),(48,81,'진명',39,2,'2022-11-23 07:01:24'),(49,81,'진명',2,2,'2022-11-23 07:01:26'),(50,81,'진명',5,2,'2022-11-23 07:01:28'),(51,81,'진명',61,2,'2022-11-23 07:01:55'),(52,81,'진명',1,2,'2022-11-23 07:01:56'),(53,81,'진명',15,2,'2022-11-23 07:02:06'),(54,81,'진명',57,2,'2022-11-23 07:02:35'),(55,6,'민서',33,1,'2022-11-23 07:02:40'),(56,6,'민서',2,1,'2022-11-23 07:03:00'),(57,6,'민서',39,1,'2022-11-23 07:03:52'),(58,6,'민서',30,2,'2022-11-23 07:05:03'),(59,6,'민서',24,2,'2022-11-23 07:05:16'),(60,6,'민서',45,2,'2022-11-23 07:05:31'),(61,6,'민서',1,2,'2022-11-23 07:05:33'),(62,12,'김덕구',21,2,'2022-11-23 07:05:44'),(63,12,'김덕구',1,2,'2022-11-23 07:05:45'),(64,6,'민서',51,2,'2022-11-23 07:06:00'),(65,6,'민서',43,2,'2022-11-23 07:06:35'),(66,12,'김덕구',91,2,'2022-11-23 07:06:41'),(67,12,'김덕구',62,2,'2022-11-23 07:07:08'),(68,6,'민서',78,2,'2022-11-23 07:07:16'),(69,12,'김덕구',65,2,'2022-11-23 07:07:53'),(70,12,'김덕구',9,2,'2022-11-23 07:07:56'),(71,8,'닉네임',5,2,'2022-11-23 07:08:05'),(72,8,'닉네임',46,2,'2022-11-23 07:08:28'),(73,12,'김덕구',71,2,'2022-11-23 07:08:29'),(74,12,'김덕구',9,2,'2022-11-23 07:08:32'),(75,81,'진명',45,2,'2022-11-23 07:08:33'),(76,81,'진명',59,2,'2022-11-23 07:09:02'),(77,8,'닉네임',24,1,'2022-11-23 07:09:04'),(78,81,'진명',42,2,'2022-11-23 07:09:35'),(79,2,'최강자정미노',1,2,'2022-11-23 07:09:51'),(80,2,'최강자정미노',2,2,'2022-11-23 07:09:51'),(81,2,'최강자정미노',9,2,'2022-11-23 07:09:53'),(82,8,'닉네임',48,2,'2022-11-23 07:10:05'),(83,8,'닉네임',4,2,'2022-11-23 07:10:10'),(84,81,'진명',43,2,'2022-11-23 07:10:11'),(85,8,'닉네임',24,2,'2022-11-23 07:10:24'),(86,81,'진명',25,2,'2022-11-23 07:10:28'),(87,2,'최강자정미노',82,2,'2022-11-23 07:10:36'),(88,2,'최강자정미노',4,2,'2022-11-23 07:10:39'),(89,2,'최강자정미노',5,2,'2022-11-23 07:10:40'),(90,8,'닉네임',40,2,'2022-11-23 07:10:40'),(91,2,'최강자정미노',3,2,'2022-11-23 07:10:40'),(92,8,'닉네임',51,2,'2022-11-23 07:11:12'),(93,81,'진명',60,2,'2022-11-23 07:11:13'),(94,8,'닉네임',11,2,'2022-11-23 07:11:20'),(95,8,'닉네임',43,2,'2022-11-23 07:11:41'),(96,2,'최강자정미노',97,2,'2022-11-23 07:11:44'),(97,8,'닉네임',23,1,'2022-11-23 07:12:14'),(98,8,'닉네임',2,1,'2022-11-23 07:12:20'),(99,8,'닉네임',5,1,'2022-11-23 07:12:31'),(100,8,'닉네임',6,1,'2022-11-23 07:12:42'),(101,8,'닉네임',15,1,'2022-11-23 07:13:04'),(102,81,'진명',38,1,'2022-11-23 07:13:08'),(103,12,'김덕구',67,2,'2022-11-23 07:13:13'),(104,2,'최강자정미노',79,2,'2022-11-23 07:14:17'),(105,2,'최강자정미노',40,2,'2022-11-23 07:14:33'),(106,2,'최강자정미노',74,2,'2022-11-23 07:15:10'),(107,2,'최강자정미노',1,2,'2022-11-23 07:15:12'),(108,2,'최강자정미노',52,2,'2022-11-23 07:15:33'),(109,2,'최강자정미노',57,2,'2022-11-23 07:15:58'),(110,2,'최강자정미노',1,2,'2022-11-23 07:15:59'),(111,2,'최강자정미노',68,2,'2022-11-23 07:16:27'),(112,2,'최강자정미노',54,2,'2022-11-23 07:16:50'),(113,2,'최강자정미노',1,2,'2022-11-23 07:16:52'),(114,2,'최강자정미노',56,2,'2022-11-23 07:17:26'),(115,2,'최강자정미노',43,2,'2022-11-23 07:17:45'),(116,2,'최강자정미노',1,2,'2022-11-23 07:17:46'),(117,2,'최강자정미노',31,2,'2022-11-23 07:17:59'),(118,12,'김덕구',64,2,'2022-11-23 07:18:07'),(119,12,'김덕구',77,2,'2022-11-23 07:18:17'),(120,12,'김덕구',42,2,'2022-11-23 07:19:02'),(121,12,'김덕구',2,2,'2022-11-23 07:19:04'),(122,12,'김덕구',11,2,'2022-11-23 07:19:16'),(123,12,'김덕구',71,2,'2022-11-23 07:19:40'),(124,12,'김덕구',29,2,'2022-11-23 07:19:55'),(125,81,'진명',39,2,'2022-11-23 07:20:48'),(126,81,'진명',1,2,'2022-11-23 07:20:52'),(127,81,'진명',67,2,'2022-11-23 07:21:21'),(128,81,'진명',6,2,'2022-11-23 07:21:28'),(129,81,'진명',70,2,'2022-11-23 07:22:06'),(130,81,'진명',1,2,'2022-11-23 07:22:07'),(131,81,'진명',43,2,'2022-11-23 07:22:24'),(132,81,'진명',1,2,'2022-11-23 07:22:26'),(133,81,'진명',4,2,'2022-11-23 07:22:27'),(134,81,'진명',3,2,'2022-11-23 07:22:29'),(135,2,'최강자정미노',64,2,'2022-11-23 07:23:01'),(136,81,'진명',79,2,'2022-11-23 07:23:04'),(137,81,'진명',1,2,'2022-11-23 07:23:06'),(138,2,'최강자정미노',30,2,'2022-11-23 07:23:12'),(139,2,'최강자정미노',44,2,'2022-11-23 07:23:20'),(140,81,'진명',66,2,'2022-11-23 07:23:33'),(141,81,'진명',2,2,'2022-11-23 07:23:34'),(142,2,'최강자정미노',76,2,'2022-11-23 07:23:47'),(143,2,'최강자정미노',3,2,'2022-11-23 07:23:48'),(144,81,'진명',77,2,'2022-11-23 07:24:08'),(145,81,'진명',10,2,'2022-11-23 07:24:13'),(146,81,'진명',19,2,'2022-11-23 07:24:20'),(147,81,'진명',2,2,'2022-11-23 07:24:21'),(148,81,'진명',18,2,'2022-11-23 07:24:26'),(149,81,'진명',3,2,'2022-11-23 07:24:28'),(150,2,'최강자정미노',93,2,'2022-11-23 07:24:37'),(151,2,'최강자정미노',3,2,'2022-11-23 07:24:43'),(152,81,'진명',46,2,'2022-11-23 07:24:47'),(153,81,'진명',3,2,'2022-11-23 07:24:52'),(154,81,'진명',32,2,'2022-11-23 07:25:04'),(155,81,'진명',1,2,'2022-11-23 07:25:05'),(156,2,'최강자정미노',58,2,'2022-11-23 07:25:09'),(157,2,'최강자정미노',14,2,'2022-11-23 07:25:18'),(158,81,'진명',50,2,'2022-11-23 07:25:25'),(159,81,'진명',1,2,'2022-11-23 07:25:27'),(160,2,'최강자정미노',49,2,'2022-11-23 07:25:29'),(161,2,'최강자정미노',1,2,'2022-11-23 07:25:30'),(162,81,'진명',35,2,'2022-11-23 07:25:47'),(163,81,'진명',2,2,'2022-11-23 07:25:50'),(164,81,'진명',22,2,'2022-11-23 07:25:56'),(165,81,'진명',2,2,'2022-11-23 07:25:58'),(166,2,'최강자정미노',84,2,'2022-11-23 07:26:06'),(167,2,'최강자정미노',3,2,'2022-11-23 07:26:11'),(168,81,'진명',45,2,'2022-11-23 07:26:14'),(169,81,'진명',11,2,'2022-11-23 07:26:32'),(170,2,'최강자정미노',60,2,'2022-11-23 07:26:32'),(171,2,'최강자정미노',1,2,'2022-11-23 07:26:33'),(172,2,'최강자정미노',1,2,'2022-11-23 07:26:33'),(173,2,'최강자정미노',5,2,'2022-11-23 07:26:40'),(174,81,'진명',51,2,'2022-11-23 07:26:44'),(175,81,'진명',3,2,'2022-11-23 07:26:48'),(176,2,'최강자정미노',39,2,'2022-11-23 07:26:48'),(177,2,'최강자정미노',3,2,'2022-11-23 07:26:50'),(178,81,'진명',48,2,'2022-11-23 07:27:14'),(179,81,'진명',1,2,'2022-11-23 07:27:16'),(180,2,'최강자정미노',80,2,'2022-11-23 07:27:23'),(181,2,'최강자정미노',15,2,'2022-11-23 07:27:42'),(182,2,'최강자정미노',1,2,'2022-11-23 07:27:43'),(183,2,'최강자정미노',2,2,'2022-11-23 07:27:44'),(184,81,'진명',63,2,'2022-11-23 07:27:54'),(185,81,'진명',1,2,'2022-11-23 07:27:56'),(186,81,'진명',40,2,'2022-11-23 07:28:13'),(187,2,'최강자정미노',76,2,'2022-11-23 07:28:15'),(188,2,'최강자정미노',1,2,'2022-11-23 07:28:17'),(189,2,'최강자정미노',2,2,'2022-11-23 07:28:17'),(190,81,'진명',9,2,'2022-11-23 07:28:20'),(191,81,'진명',27,2,'2022-11-23 07:28:29'),(192,81,'진명',1,2,'2022-11-23 07:28:30'),(193,2,'최강자정미노',45,2,'2022-11-23 07:28:34'),(194,2,'최강자정미노',3,2,'2022-11-23 07:28:37'),(195,2,'최강자정미노',4,2,'2022-11-23 07:28:38'),(196,81,'진명',64,2,'2022-11-23 07:29:06'),(197,81,'진명',13,2,'2022-11-23 07:29:12'),(198,2,'최강자정미노',97,2,'2022-11-23 07:29:32'),(199,81,'진명',73,2,'2022-11-23 07:29:41'),(200,81,'진명',17,2,'2022-11-23 07:29:48'),(201,81,'진명',19,2,'2022-11-23 07:29:49'),(202,81,'진명',1,2,'2022-11-23 07:29:50'),(203,81,'진명',40,2,'2022-11-23 07:30:08'),(204,81,'진명',3,2,'2022-11-23 07:30:11'),(205,81,'진명',9,2,'2022-11-23 07:30:14'),(206,81,'진명',1,2,'2022-11-23 07:30:16'),(207,6,'민서',36,2,'2022-11-23 07:30:19'),(208,81,'진명',4,2,'2022-11-23 07:30:20'),(209,2,'최강자정미노',80,2,'2022-11-23 07:30:24'),(210,6,'민서',54,2,'2022-11-23 07:30:46'),(211,6,'민서',1,2,'2022-11-23 07:30:48'),(212,6,'민서',2,2,'2022-11-23 07:30:49'),(213,6,'민서',42,2,'2022-11-23 07:31:05'),(214,6,'민서',37,2,'2022-11-23 07:31:22'),(215,6,'민서',41,2,'2022-11-23 07:31:39'),(216,6,'민서',43,2,'2022-11-23 07:32:01'),(217,6,'민서',30,2,'2022-11-23 07:32:15'),(218,6,'민서',73,2,'2022-11-23 07:32:56'),(219,6,'민서',44,2,'2022-11-23 07:33:14'),(220,6,'민서',46,2,'2022-11-23 07:33:36'),(221,6,'민서',5,2,'2022-11-23 07:33:38'),(222,6,'민서',41,2,'2022-11-23 07:33:58'),(223,6,'민서',29,2,'2022-11-23 07:34:13'),(224,81,'진명',46,2,'2022-11-23 07:34:23'),(225,6,'민서',40,2,'2022-11-23 07:34:32'),(226,81,'진명',45,2,'2022-11-23 07:34:47'),(227,6,'민서',57,2,'2022-11-23 07:35:08'),(228,81,'진명',47,2,'2022-11-23 07:35:10'),(229,2,'최강자정미노',64,2,'2022-11-23 07:35:11'),(230,81,'진명',43,2,'2022-11-23 07:35:29'),(231,6,'민서',76,2,'2022-11-23 07:35:42'),(232,6,'민서',2,2,'2022-11-23 07:35:43'),(233,2,'최강자정미노',78,2,'2022-11-23 07:35:52'),(234,6,'민서',29,2,'2022-11-23 07:35:58'),(235,81,'진명',55,2,'2022-11-23 07:35:58'),(236,2,'최강자정미노',11,2,'2022-11-23 07:35:59'),(237,6,'민서',49,2,'2022-11-23 07:36:19'),(238,6,'민서',24,2,'2022-11-23 07:36:29'),(239,6,'민서',25,2,'2022-11-23 07:36:43'),(240,6,'민서',34,2,'2022-11-23 07:37:02'),(241,6,'민서',6,2,'2022-11-23 07:37:18'),(242,6,'민서',25,2,'2022-11-23 07:37:30'),(243,2,'최강자정미노',85,2,'2022-11-23 07:38:00'),(244,6,'민서',68,2,'2022-11-23 07:38:12'),(245,6,'민서',63,2,'2022-11-23 07:38:49'),(246,6,'민서',31,2,'2022-11-23 07:39:03'),(247,6,'민서',1,2,'2022-11-23 07:39:04'),(248,6,'민서',50,2,'2022-11-23 07:39:34'),(249,6,'민서',29,2,'2022-11-23 07:39:52'),(250,6,'민서',36,2,'2022-11-23 07:40:04'),(251,81,'진명',44,2,'2022-11-23 07:40:30'),(252,6,'민서',48,2,'2022-11-23 07:40:33'),(253,81,'진명',23,2,'2022-11-23 07:40:43'),(254,6,'민서',64,2,'2022-11-23 07:41:03'),(255,81,'진명',51,2,'2022-11-23 07:41:05'),(256,6,'민서',22,2,'2022-11-23 07:41:16'),(257,2,'최강자정미노',56,2,'2022-11-23 07:41:22'),(258,2,'최강자정미노',57,2,'2022-11-23 07:41:43'),(259,6,'민서',42,2,'2022-11-23 07:41:48'),(260,6,'민서',32,2,'2022-11-23 07:42:05'),(261,6,'민서',44,2,'2022-11-23 07:42:31'),(262,6,'민서',39,2,'2022-11-23 07:42:51'),(263,6,'민서',36,2,'2022-11-23 07:43:10'),(264,6,'민서',58,2,'2022-11-23 07:43:35'),(265,6,'민서',3,2,'2022-11-23 07:44:12'),(266,6,'민서',29,2,'2022-11-23 07:44:24'),(267,6,'민서',1,2,'2022-11-23 07:44:25'),(268,6,'민서',28,2,'2022-11-23 07:44:38'),(269,6,'민서',11,2,'2022-11-23 07:44:46'),(270,6,'민서',47,2,'2022-11-23 07:45:05'),(271,6,'민서',2,2,'2022-11-23 07:45:09'),(272,6,'민서',58,2,'2022-11-23 07:45:41'),(273,6,'민서',4,2,'2022-11-23 07:45:45'),(274,6,'민서',25,2,'2022-11-23 07:45:55'),(275,2,'최강자정미노',72,2,'2022-11-23 07:45:56'),(276,6,'민서',1,2,'2022-11-23 07:45:58'),(277,6,'민서',29,2,'2022-11-23 07:46:10'),(278,2,'최강자정미노',32,2,'2022-11-23 07:46:12'),(279,6,'민서',6,2,'2022-11-23 07:46:18'),(280,6,'민서',66,2,'2022-11-23 07:46:46'),(281,6,'민서',3,2,'2022-11-23 07:46:50'),(282,6,'민서',9,2,'2022-11-23 07:46:53'),(283,6,'민서',1,2,'2022-11-23 07:46:54'),(284,6,'민서',51,2,'2022-11-23 07:47:17'),(285,6,'민서',11,2,'2022-11-23 07:47:31'),(286,6,'민서',51,2,'2022-11-23 07:47:43'),(287,6,'민서',3,2,'2022-11-23 07:48:00'),(288,6,'민서',65,2,'2022-11-23 07:48:38'),(289,6,'민서',18,2,'2022-11-23 07:48:46'),(290,6,'민서',35,2,'2022-11-23 07:48:53'),(291,6,'민서',4,2,'2022-11-23 07:48:56'),(292,6,'민서',55,2,'2022-11-23 07:49:23'),(293,6,'민서',1,2,'2022-11-23 07:49:24'),(294,6,'민서',27,2,'2022-11-23 07:49:59'),(295,6,'민서',3,2,'2022-11-23 07:50:01'),(296,2,'최강자정미노',4,2,'2022-11-23 07:50:44'),(297,2,'최강자정미노',5,2,'2022-11-23 07:50:44'),(298,2,'최강자정미노',6,2,'2022-11-23 07:50:45'),(299,6,'민서',83,2,'2022-11-23 07:50:47'),(300,6,'민서',1,2,'2022-11-23 07:50:52'),(301,6,'민서',3,2,'2022-11-23 07:50:53'),(302,6,'민서',3,2,'2022-11-23 07:50:55'),(303,2,'최강자정미노',3,2,'2022-11-23 07:51:01'),(304,2,'최강자정미노',3,2,'2022-11-23 07:51:01'),(305,2,'최강자정미노',4,2,'2022-11-23 07:51:01'),(306,2,'최강자정미노',14,2,'2022-11-23 07:51:04'),(307,2,'최강자정미노',4,2,'2022-11-23 07:51:07'),(308,2,'최강자정미노',4,2,'2022-11-23 07:51:07'),(309,2,'최강자정미노',4,2,'2022-11-23 07:51:07'),(310,6,'민서',42,2,'2022-11-23 07:51:11'),(311,6,'민서',1,2,'2022-11-23 07:51:12'),(312,6,'민서',21,2,'2022-11-23 07:51:21'),(313,6,'민서',1,2,'2022-11-23 07:51:23'),(314,6,'민서',37,2,'2022-11-23 07:51:43'),(315,2,'최강자정미노',12,2,'2022-11-23 07:51:44'),(316,6,'민서',2,2,'2022-11-23 07:51:44'),(317,2,'최강자정미노',1,2,'2022-11-23 07:51:55'),(318,6,'민서',26,2,'2022-11-23 07:51:56'),(319,6,'민서',12,2,'2022-11-23 07:52:03'),(320,2,'최강자정미노',9,2,'2022-11-23 07:52:12'),(321,2,'최강자정미노',2,2,'2022-11-23 07:52:13'),(322,2,'최강자정미노',4,2,'2022-11-23 07:52:14'),(323,6,'민서',41,2,'2022-11-23 07:52:15'),(324,2,'최강자정미노',17,2,'2022-11-23 07:52:19'),(325,2,'최강자정미노',15,2,'2022-11-23 07:52:19'),(326,2,'최강자정미노',1,2,'2022-11-23 07:52:22'),(327,2,'최강자정미노',1,2,'2022-11-23 07:52:22'),(328,2,'최강자정미노',4,2,'2022-11-23 07:52:23'),(329,2,'최강자정미노',5,2,'2022-11-23 07:52:23'),(330,6,'민서',8,2,'2022-11-23 07:52:23'),(331,2,'최강자정미노',2,2,'2022-11-23 07:52:23'),(332,2,'최강자정미노',9,2,'2022-11-23 07:52:25'),(333,2,'최강자정미노',9,2,'2022-11-23 07:52:25'),(334,2,'최강자정미노',10,2,'2022-11-23 07:52:25'),(335,2,'최강자정미노',20,2,'2022-11-23 07:52:28'),(336,2,'최강자정미노',32,2,'2022-11-23 07:52:32'),(337,6,'민서',52,2,'2022-11-23 07:52:50'),(338,6,'민서',1,2,'2022-11-23 07:52:52'),(339,6,'민서',57,2,'2022-11-23 07:53:29'),(340,6,'민서',2,2,'2022-11-23 07:53:31'),(341,6,'민서',42,2,'2022-11-23 07:53:54'),(342,6,'민서',2,2,'2022-11-23 07:53:56'),(343,6,'민서',13,2,'2022-11-23 07:54:01'),(344,6,'민서',1,2,'2022-11-23 07:54:02'),(345,6,'민서',2,2,'2022-11-23 07:54:03'),(346,6,'민서',2,2,'2022-11-23 07:54:06'),(347,6,'민서',39,2,'2022-11-23 07:54:29'),(348,6,'민서',5,2,'2022-11-23 07:54:34'),(349,6,'민서',43,2,'2022-11-23 07:54:57'),(350,6,'민서',2,2,'2022-11-23 07:54:59'),(351,6,'민서',40,2,'2022-11-23 07:55:20'),(352,6,'민서',6,2,'2022-11-23 07:55:27'),(353,6,'민서',53,2,'2022-11-23 07:55:49'),(354,6,'민서',1,2,'2022-11-23 07:55:50'),(355,6,'민서',61,2,'2022-11-23 07:56:29'),(356,6,'민서',4,2,'2022-11-23 07:56:31'),(357,6,'민서',64,2,'2022-11-23 07:57:10'),(358,6,'민서',1,2,'2022-11-23 07:57:12'),(359,6,'민서',6,2,'2022-11-23 07:57:14'),(360,6,'민서',51,2,'2022-11-23 07:58:16'),(361,2,'최강자정미노',50,2,'2022-11-23 07:58:17'),(362,6,'민서',5,2,'2022-11-23 07:58:22'),(363,2,'최강자정미노',59,2,'2022-11-23 07:58:40'),(364,6,'민서',45,2,'2022-11-23 07:58:41'),(365,6,'민서',2,2,'2022-11-23 07:58:45'),(366,2,'최강자정미노',70,2,'2022-11-23 07:59:10'),(367,6,'민서',29,2,'2022-11-23 07:59:10'),(368,6,'민서',12,2,'2022-11-23 07:59:18'),(369,2,'최강자정미노',37,2,'2022-11-23 07:59:27'),(370,6,'민서',57,2,'2022-11-23 07:59:36'),(371,2,'최강자정미노',62,2,'2022-11-23 07:59:51'),(372,81,'진명',59,2,'2022-11-23 08:00:13'),(373,81,'진명',1,2,'2022-11-23 08:00:16'),(374,81,'진명',55,2,'2022-11-23 08:00:40'),(375,81,'진명',15,2,'2022-11-23 08:01:55'),(376,81,'진명',49,2,'2022-11-23 08:02:10'),(377,81,'진명',1,2,'2022-11-23 08:02:12'),(378,81,'진명',1,2,'2022-11-23 08:02:12'),(379,81,'진명',16,2,'2022-11-23 08:02:23'),(380,87,'호에엥',11,2,'2022-11-23 08:30:10'),(381,87,'호에엥',62,2,'2022-11-23 08:30:45'),(382,2,'최강자정미노',1,2,'2022-11-23 08:32:14'),(383,2,'최강자정미노',2,2,'2022-11-23 08:32:17'),(384,2,'최강자정미노',51,2,'2022-11-23 08:32:43'),(385,2,'최강자정미노',6,2,'2022-11-23 08:32:49'),(386,2,'최강자정미노',46,2,'2022-11-23 08:33:09'),(387,2,'최강자정미노',1,2,'2022-11-23 08:33:13'),(388,2,'최강자정미노',40,2,'2022-11-23 08:33:34'),(389,2,'최강자정미노',3,2,'2022-11-23 08:33:38'),(390,2,'최강자정미노',84,2,'2022-11-23 08:34:12'),(391,2,'최강자정미노',2,2,'2022-11-23 08:34:15'),(392,2,'최강자정미노',58,2,'2022-11-23 08:34:40'),(393,2,'최강자정미노',7,2,'2022-11-23 08:34:45'),(394,2,'최강자정미노',71,2,'2022-11-23 08:35:14'),(395,2,'최강자정미노',2,2,'2022-11-23 08:35:17'),(396,2,'최강자정미노',44,2,'2022-11-23 08:35:31'),(397,2,'최강자정미노',5,2,'2022-11-23 08:35:40'),(398,2,'최강자정미노',50,2,'2022-11-23 08:35:53'),(399,2,'최강자정미노',2,2,'2022-11-23 08:36:00'),(400,2,'최강자정미노',25,2,'2022-11-23 08:36:08'),(401,2,'최강자정미노',1,2,'2022-11-23 08:36:10'),(402,2,'최강자정미노',55,2,'2022-11-23 08:36:29'),(403,2,'최강자정미노',1,2,'2022-11-23 08:36:31'),(404,2,'최강자정미노',57,2,'2022-11-23 08:36:59'),(405,2,'최강자정미노',4,2,'2022-11-23 08:37:02'),(406,2,'최강자정미노',62,2,'2022-11-23 08:37:29'),(407,2,'최강자정미노',2,2,'2022-11-23 08:37:32'),(408,2,'최강자정미노',56,2,'2022-11-23 08:38:01'),(409,2,'최강자정미노',5,2,'2022-11-23 08:38:05'),(410,2,'최강자정미노',15,2,'2022-11-23 08:38:08'),(411,2,'최강자정미노',5,2,'2022-11-23 08:38:23'),(412,2,'최강자정미노',56,2,'2022-11-23 08:38:31'),(413,2,'최강자정미노',5,2,'2022-11-23 08:38:34'),(414,2,'최강자정미노',61,2,'2022-11-23 08:38:56'),(415,2,'최강자정미노',1,2,'2022-11-23 08:38:58'),(416,2,'최강자정미노',3,2,'2022-11-23 08:39:03'),(417,2,'최강자정미노',69,2,'2022-11-23 08:39:32'),(418,2,'최강자정미노',3,2,'2022-11-23 08:39:33'),(419,2,'최강자정미노',5,2,'2022-11-23 08:39:34'),(420,2,'최강자정미노',6,2,'2022-11-23 08:39:39'),(421,2,'최강자정미노',60,2,'2022-11-23 08:39:56'),(422,2,'최강자정미노',5,2,'2022-11-23 08:40:03'),(423,2,'최강자정미노',47,2,'2022-11-23 08:40:16'),(424,2,'최강자정미노',2,2,'2022-11-23 08:40:18'),(425,2,'최강자정미노',55,2,'2022-11-23 08:40:38'),(426,2,'최강자정미노',1,2,'2022-11-23 08:40:39'),(427,2,'최강자정미노',26,2,'2022-11-23 08:40:49'),(428,2,'최강자정미노',2,2,'2022-11-23 08:40:50'),(429,2,'최강자정미노',12,2,'2022-11-23 08:40:54'),(430,6,'민서',40,2,'2022-11-23 08:40:55'),(431,6,'민서',6,2,'2022-11-23 08:41:00'),(432,2,'최강자정미노',8,2,'2022-11-23 08:41:01'),(433,2,'최강자정미노',15,2,'2022-11-23 08:41:01'),(434,2,'최강자정미노',5,2,'2022-11-23 08:41:04'),(435,2,'최강자정미노',11,2,'2022-11-23 08:41:08'),(436,2,'최강자정미노',1,2,'2022-11-23 08:41:09'),(437,2,'최강자정미노',16,2,'2022-11-23 08:41:15'),(438,6,'민서',34,2,'2022-11-23 08:41:19'),(439,2,'최강자정미노',5,2,'2022-11-23 08:41:20'),(440,2,'최강자정미노',13,2,'2022-11-23 08:41:27'),(441,6,'민서',47,2,'2022-11-23 08:41:42'),(442,2,'최강자정미노',44,2,'2022-11-23 08:41:44'),(443,2,'최강자정미노',6,2,'2022-11-23 08:41:50'),(444,6,'민서',42,2,'2022-11-23 08:42:02'),(445,6,'민서',40,2,'2022-11-23 08:42:23'),(446,2,'최강자정미노',61,2,'2022-11-23 08:42:27'),(447,2,'최강자정미노',24,2,'2022-11-23 08:42:35'),(448,6,'민서',24,2,'2022-11-23 08:42:36'),(449,2,'최강자정미노',5,2,'2022-11-23 08:42:39'),(450,2,'최강자정미노',41,2,'2022-11-23 08:42:49'),(451,6,'민서',36,2,'2022-11-23 08:42:52'),(452,2,'최강자정미노',7,2,'2022-11-23 08:42:54'),(453,6,'민서',39,2,'2022-11-23 08:43:11'),(454,6,'민서',1,2,'2022-11-23 08:43:12'),(455,6,'민서',64,2,'2022-11-23 08:43:50'),(456,2,'최강자정미노',88,2,'2022-11-23 08:44:00'),(457,2,'최강자정미노',7,2,'2022-11-23 08:44:04'),(458,2,'최강자정미노',25,2,'2022-11-23 08:44:11'),(459,6,'민서',47,2,'2022-11-23 08:44:12'),(460,2,'최강자정미노',45,2,'2022-11-23 08:44:36'),(461,2,'최강자정미노',1,2,'2022-11-23 08:44:39'),(462,2,'최강자정미노',9,2,'2022-11-23 08:44:41'),(463,2,'최강자정미노',6,2,'2022-11-23 08:44:45'),(464,2,'최강자정미노',40,2,'2022-11-23 08:44:58'),(465,2,'최강자정미노',3,2,'2022-11-23 08:45:01'),(466,6,'민서',66,2,'2022-11-23 08:45:04'),(467,2,'최강자정미노',28,2,'2022-11-23 08:45:08'),(468,6,'민서',43,2,'2022-11-23 08:45:21'),(469,6,'민서',37,2,'2022-11-23 08:45:42'),(470,6,'민서',6,2,'2022-11-23 08:45:45'),(471,6,'민서',55,2,'2022-11-23 08:46:10'),(472,6,'민서',56,2,'2022-11-23 08:46:39'),(473,6,'민서',43,2,'2022-11-23 08:47:00'),(474,6,'민서',30,2,'2022-11-23 08:47:12'),(475,6,'민서',48,2,'2022-11-23 08:47:33'),(476,6,'민서',41,2,'2022-11-23 08:48:06'),(477,6,'민서',2,2,'2022-11-23 08:48:08'),(478,81,'진명',62,2,'2022-11-23 08:48:26'),(479,6,'민서',57,2,'2022-11-23 08:48:36'),(480,6,'민서',2,2,'2022-11-23 08:48:40'),(481,6,'민서',18,2,'2022-11-23 08:48:45'),(482,6,'민서',2,2,'2022-11-23 08:48:47'),(483,81,'진명',41,2,'2022-11-23 08:49:03'),(484,81,'진명',1,2,'2022-11-23 08:49:04'),(485,81,'진명',4,2,'2022-11-23 08:49:05'),(486,6,'민서',57,2,'2022-11-23 08:49:10'),(487,6,'민서',4,2,'2022-11-23 08:49:11'),(488,81,'진명',45,2,'2022-11-23 08:49:19'),(489,81,'진명',1,2,'2022-11-23 08:49:20'),(490,81,'진명',8,2,'2022-11-23 08:49:23'),(491,6,'민서',62,2,'2022-11-23 08:49:42'),(492,81,'진명',44,2,'2022-11-23 08:49:43'),(493,6,'민서',1,2,'2022-11-23 08:49:44'),(494,6,'민서',28,2,'2022-11-23 08:49:56'),(495,6,'민서',1,2,'2022-11-23 08:49:57'),(496,6,'민서',40,2,'2022-11-23 08:50:12'),(497,6,'민서',4,2,'2022-11-23 08:50:15'),(498,6,'민서',44,2,'2022-11-23 08:50:31'),(499,6,'민서',47,2,'2022-11-23 08:51:42'),(500,6,'민서',62,2,'2022-11-23 08:52:20'),(501,6,'민서',41,2,'2022-11-23 08:53:05'),(502,6,'민서',33,2,'2022-11-23 08:53:25'),(503,6,'민서',43,2,'2022-11-23 08:53:47'),(504,6,'민서',56,2,'2022-11-23 08:54:21'),(505,6,'민서',71,2,'2022-11-23 08:55:08'),(506,6,'민서',39,2,'2022-11-23 08:55:31'),(507,6,'민서',3,2,'2022-11-23 08:55:33'),(508,6,'민서',55,2,'2022-11-23 08:56:02'),(509,6,'민서',41,2,'2022-11-23 08:56:35'),(510,6,'민서',56,2,'2022-11-23 08:57:05'),(511,6,'민서',72,2,'2022-11-23 08:57:47'),(512,6,'민서',45,2,'2022-11-23 08:58:17'),(513,6,'민서',1,2,'2022-11-23 08:58:18'),(514,6,'민서',29,2,'2022-11-23 08:58:32'),(515,6,'민서',44,2,'2022-11-23 08:58:54'),(516,6,'민서',40,2,'2022-11-23 08:59:10'),(517,6,'민서',60,2,'2022-11-23 08:59:34'),(518,6,'민서',1,2,'2022-11-23 08:59:39'),(519,6,'민서',46,2,'2022-11-23 09:00:05'),(520,8,'닉네임',4,1,'2022-11-23 12:53:24'),(521,8,'닉네임',5,1,'2022-11-23 12:53:37'),(522,8,'닉네임',38,2,'2022-11-23 12:54:26'),(523,2,'최강자정미노',53,2,'2022-11-23 23:51:54'),(524,2,'최강자정미노',67,2,'2022-11-23 23:52:39'),(525,2,'최강자정미노',29,2,'2022-11-23 23:52:52'),(526,2,'최강자정미노',31,2,'2022-11-23 23:53:09'),(527,2,'최강자정미노',45,2,'2022-11-23 23:53:35'),(528,2,'최강자정미노',62,2,'2022-11-23 23:54:10'),(529,2,'최강자정미노',46,2,'2022-11-23 23:54:39'),(530,2,'최강자정미노',69,2,'2022-11-23 23:55:12'),(531,2,'최강자정미노',106,2,'2022-11-23 23:56:40'),(532,5,'asdf',46,2,'2022-11-23 23:57:52'),(533,5,'asdf',44,2,'2022-11-23 23:58:16'),(534,8,'닉네임',45,2,'2022-11-23 23:58:19'),(535,8,'닉네임',6,1,'2022-11-23 23:58:31'),(536,5,'asdf',33,2,'2022-11-23 23:58:36'),(537,5,'asdf',29,2,'2022-11-23 23:58:48'),(538,5,'asdf',40,2,'2022-11-23 23:59:05'),(539,5,'asdf',56,2,'2022-11-23 23:59:43'),(540,5,'asdf',53,2,'2022-11-24 00:00:18'),(541,5,'asdf',47,2,'2022-11-24 00:00:54'),(542,5,'asdf',5,2,'2022-11-24 00:00:57'),(543,12,'김덕구',42,2,'2022-11-24 00:01:20'),(544,5,'asdf',21,2,'2022-11-24 00:02:00'),(545,3,'강해상',39,1,'2022-11-24 00:02:00'),(546,3,'강해상',3,1,'2022-11-24 00:02:14'),(547,5,'asdf',41,2,'2022-11-24 00:02:24'),(548,5,'asdf',1,2,'2022-11-24 00:02:25'),(549,5,'asdf',1,2,'2022-11-24 00:02:26'),(550,5,'asdf',4,2,'2022-11-24 00:02:26'),(551,5,'asdf',1,2,'2022-11-24 00:02:34'),(552,5,'asdf',2,2,'2022-11-24 00:02:36'),(553,5,'asdf',1,2,'2022-11-24 00:02:39'),(554,5,'asdf',5,2,'2022-11-24 00:02:40'),(555,3,'강해상',21,1,'2022-11-24 00:02:42'),(556,5,'asdf',52,2,'2022-11-24 00:03:22'),(557,3,'강해상',36,1,'2022-11-24 00:03:33'),(558,5,'asdf',35,2,'2022-11-24 00:03:51'),(559,5,'asdf',65,2,'2022-11-24 00:03:59'),(560,5,'asdf',1,2,'2022-11-24 00:04:00'),(561,3,'강해상',40,2,'2022-11-24 00:04:39'),(562,5,'asdf',55,2,'2022-11-24 00:04:43'),(563,5,'asdf',4,2,'2022-11-24 00:04:46'),(564,3,'강해상',40,2,'2022-11-24 00:05:09'),(565,5,'asdf',56,2,'2022-11-24 00:05:23'),(566,5,'asdf',1,2,'2022-11-24 00:05:24'),(567,3,'강해상',45,2,'2022-11-24 00:05:35'),(568,5,'asdf',51,2,'2022-11-24 00:05:59'),(569,5,'asdf',2,2,'2022-11-24 00:06:01'),(570,5,'asdf',3,2,'2022-11-24 00:06:02'),(571,5,'asdf',4,2,'2022-11-24 00:06:04'),(572,5,'asdf',48,2,'2022-11-24 00:06:24'),(573,5,'asdf',3,2,'2022-11-24 00:06:27'),(574,3,'강해상',44,2,'2022-11-24 00:06:43'),(575,3,'강해상',1,2,'2022-11-24 00:06:46'),(576,3,'강해상',54,2,'2022-11-24 00:07:12'),(577,3,'강해상',15,2,'2022-11-24 00:07:26'),(578,3,'강해상',36,2,'2022-11-24 00:07:35'),(579,5,'asdf',84,2,'2022-11-24 00:07:45'),(580,5,'asdf',2,2,'2022-11-24 00:07:53'),(581,5,'asdf',47,2,'2022-11-24 00:08:27'),(582,5,'asdf',2,2,'2022-11-24 00:08:30'),(583,5,'asdf',53,2,'2022-11-24 00:08:56'),(584,5,'asdf',6,2,'2022-11-24 00:09:05'),(585,5,'asdf',67,2,'2022-11-24 00:09:44'),(586,5,'asdf',2,2,'2022-11-24 00:09:46'),(587,5,'asdf',36,2,'2022-11-24 00:10:00'),(588,5,'asdf',4,2,'2022-11-24 00:10:03'),(589,5,'asdf',39,2,'2022-11-24 00:10:17'),(590,5,'asdf',10,2,'2022-11-24 00:10:22'),(591,5,'asdf',46,2,'2022-11-24 00:10:38'),(592,5,'asdf',1,2,'2022-11-24 00:10:39'),(593,3,'강해상',34,2,'2022-11-24 00:10:47'),(594,3,'강해상',2,2,'2022-11-24 00:10:50'),(595,3,'강해상',4,2,'2022-11-24 00:10:55'),(596,3,'강해상',6,2,'2022-11-24 00:10:59'),(597,5,'asdf',55,2,'2022-11-24 00:11:01'),(598,5,'asdf',8,2,'2022-11-24 00:11:07'),(599,5,'asdf',28,2,'2022-11-24 00:11:17'),(600,5,'asdf',1,2,'2022-11-24 00:11:19'),(601,5,'asdf',18,2,'2022-11-24 00:11:25'),(602,5,'asdf',3,2,'2022-11-24 00:11:28'),(603,5,'asdf',13,2,'2022-11-24 00:11:33'),(604,3,'강해상',67,2,'2022-11-24 00:11:38'),(605,5,'asdf',66,2,'2022-11-24 00:12:12'),(606,5,'asdf',6,2,'2022-11-24 00:12:20'),(607,5,'asdf',42,2,'2022-11-24 00:12:40'),(608,5,'asdf',3,2,'2022-11-24 00:12:42'),(609,5,'asdf',59,2,'2022-11-24 00:13:13'),(610,5,'asdf',9,2,'2022-11-24 00:13:19'),(611,5,'asdf',57,2,'2022-11-24 00:13:42'),(612,5,'asdf',13,2,'2022-11-24 00:13:50'),(613,5,'asdf',31,2,'2022-11-24 00:14:00'),(614,5,'asdf',4,2,'2022-11-24 00:14:03'),(615,5,'asdf',48,2,'2022-11-24 00:15:09'),(616,5,'asdf',1,2,'2022-11-24 00:15:11'),(617,5,'asdf',36,2,'2022-11-24 00:15:32'),(618,5,'asdf',15,2,'2022-11-24 00:15:42'),(619,5,'asdf',56,2,'2022-11-24 00:16:10'),(620,5,'asdf',39,2,'2022-11-24 00:16:36'),(621,5,'asdf',40,2,'2022-11-24 00:17:02'),(622,5,'asdf',4,2,'2022-11-24 00:17:02'),(623,5,'asdf',7,2,'2022-11-24 00:17:05'),(624,5,'asdf',9,2,'2022-11-24 00:17:06'),(625,5,'asdf',2,2,'2022-11-24 00:17:07'),(626,5,'asdf',42,2,'2022-11-24 00:17:30'),(627,5,'asdf',2,2,'2022-11-24 00:17:34'),(628,5,'asdf',45,2,'2022-11-24 00:17:52'),(629,5,'asdf',5,2,'2022-11-24 00:17:54'),(630,5,'asdf',42,2,'2022-11-24 00:18:15'),(631,5,'asdf',2,2,'2022-11-24 00:18:17'),(632,5,'asdf',52,2,'2022-11-24 00:18:48'),(633,5,'asdf',5,2,'2022-11-24 00:18:55'),(634,5,'asdf',44,2,'2022-11-24 00:19:23'),(635,5,'asdf',2,2,'2022-11-24 00:19:24'),(636,5,'asdf',29,2,'2022-11-24 00:19:39'),(637,5,'asdf',2,2,'2022-11-24 00:19:41'),(638,5,'asdf',41,2,'2022-11-24 00:19:59'),(639,5,'asdf',2,2,'2022-11-24 00:20:01'),(640,5,'asdf',66,2,'2022-11-24 00:20:42'),(641,5,'asdf',11,2,'2022-11-24 00:20:57'),(642,5,'asdf',33,2,'2022-11-24 00:21:08'),(643,5,'asdf',2,2,'2022-11-24 00:21:10'),(644,5,'asdf',2,2,'2022-11-24 00:21:10'),(645,5,'asdf',3,2,'2022-11-24 00:21:14'),(646,5,'asdf',36,2,'2022-11-24 00:21:24'),(647,5,'asdf',1,2,'2022-11-24 00:21:27'),(648,5,'asdf',35,2,'2022-11-24 00:21:49'),(649,5,'asdf',3,2,'2022-11-24 00:21:52'),(650,5,'asdf',58,2,'2022-11-24 00:22:25'),(651,5,'asdf',7,2,'2022-11-24 00:22:32'),(652,5,'asdf',48,2,'2022-11-24 00:23:05'),(653,5,'asdf',3,2,'2022-11-24 00:23:09'),(654,5,'asdf',61,2,'2022-11-24 00:24:07'),(655,5,'asdf',1,2,'2022-11-24 00:24:08'),(656,5,'asdf',29,2,'2022-11-24 00:24:21'),(657,5,'asdf',2,2,'2022-11-24 00:24:22'),(658,5,'asdf',36,2,'2022-11-24 00:24:36'),(659,5,'asdf',2,2,'2022-11-24 00:24:39'),(660,5,'asdf',55,2,'2022-11-24 00:25:15'),(661,5,'asdf',7,2,'2022-11-24 00:25:21'),(662,5,'asdf',35,2,'2022-11-24 00:25:32'),(663,5,'asdf',40,2,'2022-11-24 00:25:53'),(664,5,'asdf',6,2,'2022-11-24 00:25:55'),(665,5,'asdf',32,2,'2022-11-24 00:26:24'),(666,5,'asdf',60,2,'2022-11-24 00:26:56'),(667,5,'asdf',32,1,'2022-11-24 00:27:45'),(668,88,'선짱',4,1,'2022-11-24 00:30:59'),(669,88,'선짱',10,1,'2022-11-24 00:31:36'),(670,88,'선짱',10,1,'2022-11-24 00:31:55'),(671,88,'선짱',12,1,'2022-11-24 00:32:16'),(672,88,'선짱',25,2,'2022-11-24 00:33:14'),(673,88,'선짱',6,2,'2022-11-24 00:33:47'),(674,18,'멍멍',31,1,'2022-11-24 00:37:23'),(675,2,'최강자정미노',0,1,'2022-11-24 00:37:45'),(676,2,'최강자정미노',0,1,'2022-11-24 00:39:31'),(677,2,'최강자정미노',38,2,'2022-11-24 00:45:36'),(678,2,'최강자정미노',55,2,'2022-11-24 00:46:01'),(679,2,'최강자정미노',1,2,'2022-11-24 00:46:02'),(680,2,'최강자정미노',44,2,'2022-11-24 00:46:25'),(681,2,'최강자정미노',26,2,'2022-11-24 00:46:36'),(682,18,'멍멍',19,2,'2022-11-24 01:23:17'),(683,18,'멍멍',49,2,'2022-11-24 01:24:09'),(684,2,'최강자정미노',46,2,'2022-11-24 01:31:40'),(685,2,'최강자정미노',104,2,'2022-11-24 01:33:14'),(686,2,'최강자정미노',11,2,'2022-11-24 01:33:21'),(687,2,'최강자정미노',94,2,'2022-11-24 01:34:09'),(688,2,'최강자정미노',26,2,'2022-11-24 01:34:20'),(689,2,'최강자정미노',1,2,'2022-11-24 01:34:21'),(690,2,'최강자정미노',35,2,'2022-11-24 01:34:41'),(691,2,'최강자정미노',74,2,'2022-11-24 01:35:29'),(692,2,'최강자정미노',5,2,'2022-11-24 03:00:20'),(693,2,'최강자정미노',1,2,'2022-11-24 03:00:24'),(694,2,'최강자정미노',86,2,'2022-11-24 03:01:24'),(695,2,'최강자정미노',3,2,'2022-11-24 03:01:26'),(696,2,'최강자정미노',70,2,'2022-11-24 03:02:00'),(697,2,'최강자정미노',7,2,'2022-11-24 03:02:06'),(698,2,'최강자정미노',73,2,'2022-11-24 03:02:46'),(699,2,'최강자정미노',12,2,'2022-11-24 03:02:53'),(700,2,'최강자정미노',57,2,'2022-11-24 03:03:21'),(701,2,'최강자정미노',2,2,'2022-11-24 03:04:17'),(702,2,'최강자정미노',6,2,'2022-11-24 03:04:20'),(703,2,'최강자정미노',2,2,'2022-11-24 03:04:22'),(704,2,'최강자정미노',7,2,'2022-11-24 03:04:25'),(705,2,'최강자정미노',3,2,'2022-11-24 03:04:29'),(706,2,'최강자정미노',92,2,'2022-11-24 03:05:25'),(707,2,'최강자정미노',1,2,'2022-11-24 03:05:28'),(708,2,'최강자정미노',70,2,'2022-11-24 03:06:04'),(709,2,'최강자정미노',1,2,'2022-11-24 03:06:06'),(710,2,'최강자정미노',56,2,'2022-11-24 03:06:27'),(711,90,'허창근',21,2,'2022-11-24 03:12:34'),(712,2,'최강자정미노',73,2,'2022-11-24 03:12:34'),(713,90,'허창근',12,2,'2022-11-24 03:12:41'),(714,90,'허창근',22,2,'2022-11-24 03:13:00'),(715,90,'허창근',32,2,'2022-11-24 03:13:23'),(716,90,'허창근',23,2,'2022-11-24 03:13:35'),(717,90,'허창근',10,2,'2022-11-24 03:13:40'),(718,90,'허창근',6,2,'2022-11-24 03:13:43'),(719,90,'허창근',42,2,'2022-11-24 03:14:19'),(720,90,'허창근',68,2,'2022-11-24 03:17:36'),(721,90,'허창근',43,2,'2022-11-24 03:17:57'),(722,90,'허창근',59,2,'2022-11-24 03:18:29'),(723,90,'허창근',6,2,'2022-11-24 03:18:32'),(724,90,'허창근',31,2,'2022-11-24 03:18:46'),(725,90,'허창근',1,2,'2022-11-24 03:18:49'),(726,90,'허창근',52,2,'2022-11-24 03:19:25'),(727,90,'허창근',46,2,'2022-11-24 03:19:53'),(728,90,'허창근',45,2,'2022-11-24 03:20:42'),(729,90,'허창근',68,2,'2022-11-24 03:22:52'),(730,90,'허창근',39,2,'2022-11-24 03:23:13'),(731,90,'허창근',54,2,'2022-11-24 03:23:53'),(732,90,'허창근',38,2,'2022-11-24 03:24:24'),(733,90,'허창근',62,2,'2022-11-24 03:24:57'),(734,90,'허창근',12,2,'2022-11-24 03:25:29'),(735,90,'허창근',2,2,'2022-11-24 03:25:42'),(736,90,'허창근',59,2,'2022-11-24 03:26:29'),(737,90,'허창근',62,2,'2022-11-24 03:27:20'),(738,90,'허창근',41,2,'2022-11-24 03:27:47'),(739,90,'허창근',25,2,'2022-11-24 03:28:01'),(740,90,'허창근',1,2,'2022-11-24 03:28:03'),(741,90,'허창근',57,2,'2022-11-24 03:28:28'),(742,90,'허창근',1,2,'2022-11-24 03:28:30'),(743,90,'허창근',43,2,'2022-11-24 03:28:55'),(744,90,'허창근',47,2,'2022-11-24 03:29:30'),(745,90,'허창근',27,2,'2022-11-24 03:29:44'),(746,90,'허창근',1,2,'2022-11-24 03:29:46'),(747,90,'허창근',51,2,'2022-11-24 03:30:10'),(748,90,'허창근',1,2,'2022-11-24 03:30:11'),(749,90,'허창근',1,2,'2022-11-24 03:30:13'),(750,90,'허창근',43,2,'2022-11-24 03:30:45'),(751,90,'허창근',47,2,'2022-11-24 03:31:17'),(752,90,'허창근',60,2,'2022-11-24 03:31:51'),(753,90,'허창근',49,2,'2022-11-24 03:32:23'),(754,90,'허창근',56,2,'2022-11-24 03:32:59'),(755,90,'허창근',57,2,'2022-11-24 03:33:33'),(756,90,'허창근',39,2,'2022-11-24 03:34:03'),(757,90,'허창근',62,2,'2022-11-24 03:34:49'),(758,90,'허창근',55,2,'2022-11-24 03:35:39'),(759,90,'허창근',41,2,'2022-11-24 03:36:01'),(760,90,'허창근',47,2,'2022-11-24 03:36:42'),(761,90,'허창근',85,2,'2022-11-24 03:37:42'),(762,90,'허창근',78,2,'2022-11-24 03:38:55'),(763,90,'허창근',41,2,'2022-11-24 03:39:22'),(764,90,'허창근',60,2,'2022-11-24 03:47:02'),(765,81,'진명',56,2,'2022-11-24 03:49:55'),(766,81,'진명',48,2,'2022-11-24 03:50:28'),(767,81,'진명',58,2,'2022-11-24 03:51:04'),(768,92,'jangseo',15,2,'2022-11-24 04:52:33'),(769,92,'jangseo',10,2,'2022-11-24 04:52:47'),(770,92,'jangseo',24,2,'2022-11-24 04:53:16'),(771,92,'jangseo',8,2,'2022-11-24 04:53:29'),(772,92,'jangseo',11,2,'2022-11-24 04:53:43'),(773,92,'jangseo',1,2,'2022-11-24 04:53:46'),(774,92,'jangseo',32,2,'2022-11-24 04:54:34'),(775,92,'jangseo',24,2,'2022-11-24 04:55:37'),(776,92,'jangseo',32,2,'2022-11-24 04:57:14'),(777,33,'누군지맞춰바라',31,2,'2022-11-24 05:18:17'),(778,33,'누군지맞춰바라',45,2,'2022-11-24 06:17:02'),(779,33,'누군지맞춰바라',2,2,'2022-11-24 06:23:56'),(780,2,'최강자정미노',28,2,'2022-11-24 06:36:26'),(781,2,'최강자정미노',25,2,'2022-11-24 06:36:49'),(782,2,'최강자정미노',5,2,'2022-11-24 06:36:52'),(783,2,'최강자정미노',47,2,'2022-11-24 06:37:18'),(784,2,'최강자정미노',25,2,'2022-11-24 06:37:31'),(785,2,'최강자정미노',6,2,'2022-11-24 06:37:44'),(786,2,'최강자정미노',52,2,'2022-11-24 06:38:13'),(787,2,'최강자정미노',90,2,'2022-11-24 06:39:22'),(788,12,'김덕구',72,2,'2022-11-24 06:58:41'),(789,2,'최강자정미노',86,2,'2022-11-24 07:05:18'),(790,2,'최강자정미노',13,2,'2022-11-24 07:05:25'),(791,2,'최강자정미노',60,2,'2022-11-24 07:06:05'),(792,2,'최강자정미노',76,2,'2022-11-24 07:06:41'),(793,2,'최강자정미노',75,2,'2022-11-24 07:07:19'),(794,2,'최강자정미노',55,2,'2022-11-24 07:07:38'),(795,79,'인턴산타',18,1,'2022-11-24 07:13:42'),(796,79,'인턴산타',64,2,'2022-11-24 07:14:36'),(797,79,'인턴산타',54,2,'2022-11-24 07:15:48'),(798,79,'인턴산타',1,2,'2022-11-24 07:15:51'),(799,79,'인턴산타',9,2,'2022-11-24 07:15:55'),(800,79,'인턴산타',1,2,'2022-11-24 07:15:57'),(801,79,'인턴산타',1,2,'2022-11-24 07:15:57'),(802,79,'인턴산타',1,2,'2022-11-24 07:15:58'),(803,79,'인턴산타',1,2,'2022-11-24 07:15:58'),(804,79,'인턴산타',4,2,'2022-11-24 07:16:02'),(805,79,'인턴산타',22,2,'2022-11-24 07:16:10'),(806,79,'인턴산타',1,2,'2022-11-24 07:16:13'),(807,79,'인턴산타',39,2,'2022-11-24 07:16:34'),(808,79,'인턴산타',1,2,'2022-11-24 07:16:36'),(809,79,'인턴산타',5,2,'2022-11-24 07:16:38'),(810,79,'인턴산타',3,2,'2022-11-24 07:16:42'),(811,79,'인턴산타',7,2,'2022-11-24 07:16:44'),(812,79,'인턴산타',7,2,'2022-11-24 07:16:53'),(813,79,'인턴산타',32,2,'2022-11-24 07:17:03'),(814,3,'강해상',61,2,'2022-11-24 08:05:25'),(815,2,'최강자정미노',74,2,'2022-11-24 08:05:33'),(816,3,'강해상',54,2,'2022-11-24 08:06:00'),(817,1,'양경섭',65,2,'2022-11-24 08:06:10'),(818,2,'최강자정미노',86,2,'2022-11-24 08:06:12'),(819,1,'양경섭',42,2,'2022-11-24 08:06:29'),(820,2,'최강자정미노',59,2,'2022-11-24 08:06:38'),(821,2,'최강자정미노',61,2,'2022-11-24 08:06:57'),(822,1,'양경섭',64,2,'2022-11-24 08:07:08'),(823,3,'강해상',69,2,'2022-11-24 08:07:08'),(824,2,'최강자정미노',79,2,'2022-11-24 08:07:36'),(825,1,'양경섭',61,2,'2022-11-24 08:07:39'),(826,1,'양경섭',14,2,'2022-11-24 08:07:47'),(827,3,'강해상',57,2,'2022-11-24 08:07:48'),(828,1,'양경섭',2,2,'2022-11-24 08:07:48'),(829,2,'최강자정미노',68,2,'2022-11-24 08:08:07'),(830,1,'양경섭',39,2,'2022-11-24 08:08:10'),(831,3,'강해상',61,2,'2022-11-24 08:08:29'),(832,3,'강해상',1,2,'2022-11-24 08:08:31'),(833,3,'강해상',3,2,'2022-11-24 08:08:34'),(834,1,'양경섭',44,2,'2022-11-24 08:08:34'),(835,2,'최강자정미노',100,2,'2022-11-24 08:09:03'),(836,3,'강해상',66,2,'2022-11-24 08:09:24'),(837,3,'강해상',3,2,'2022-11-24 08:09:29'),(838,1,'양경섭',78,2,'2022-11-24 08:09:32'),(839,1,'양경섭',42,2,'2022-11-24 08:09:54'),(840,2,'최강자정미노',92,2,'2022-11-24 08:10:18'),(841,3,'강해상',65,2,'2022-11-24 08:10:20'),(842,1,'양경섭',35,2,'2022-11-24 08:10:22'),(843,2,'최강자정미노',10,2,'2022-11-24 08:10:22'),(844,3,'강해상',27,2,'2022-11-24 08:10:42'),(845,1,'양경섭',38,2,'2022-11-24 08:10:50'),(846,2,'최강자정미노',60,2,'2022-11-24 08:10:56'),(847,1,'양경섭',13,2,'2022-11-24 08:10:57'),(848,1,'양경섭',40,2,'2022-11-24 08:11:08'),(849,3,'강해상',54,2,'2022-11-24 08:11:13'),(850,1,'양경섭',19,2,'2022-11-24 08:11:19'),(851,1,'양경섭',52,2,'2022-11-24 08:11:34'),(852,3,'강해상',40,2,'2022-11-24 08:11:38'),(853,2,'최강자정미노',68,2,'2022-11-24 08:11:39'),(854,1,'양경섭',7,2,'2022-11-24 08:11:40'),(855,1,'양경섭',45,2,'2022-11-24 08:11:52'),(856,1,'양경섭',12,2,'2022-11-24 08:12:00'),(857,2,'최강자정미노',68,2,'2022-11-24 08:12:11'),(858,3,'강해상',68,2,'2022-11-24 08:12:19'),(859,1,'양경섭',45,2,'2022-11-24 08:12:20'),(860,2,'최강자정미노',44,2,'2022-11-24 08:12:27'),(861,1,'양경섭',6,2,'2022-11-24 08:12:28'),(862,2,'최강자정미노',30,2,'2022-11-24 08:12:39'),(863,3,'강해상',32,2,'2022-11-24 08:12:41'),(864,2,'최강자정미노',1,2,'2022-11-24 08:12:43'),(865,3,'강해상',11,2,'2022-11-24 08:12:47'),(866,1,'양경섭',77,2,'2022-11-24 08:13:09'),(867,1,'양경섭',6,2,'2022-11-24 08:13:14'),(868,2,'최강자정미노',84,2,'2022-11-24 08:13:24'),(869,3,'강해상',31,2,'2022-11-24 08:13:38'),(870,3,'강해상',9,2,'2022-11-24 08:13:50'),(871,2,'최강자정미노',53,2,'2022-11-24 08:13:52'),(872,3,'강해상',35,2,'2022-11-24 08:13:59'),(873,2,'최강자정미노',7,2,'2022-11-24 08:14:01'),(874,1,'양경섭',61,2,'2022-11-24 08:14:02'),(875,93,'1111',31,2,'2022-11-24 08:14:02'),(876,1,'양경섭',1,2,'2022-11-24 08:14:04'),(877,3,'강해상',3,2,'2022-11-24 08:14:04'),(878,1,'양경섭',12,2,'2022-11-24 08:14:09'),(879,1,'양경섭',1,2,'2022-11-24 08:14:10'),(880,93,'1111',5,2,'2022-11-24 08:14:10'),(881,1,'양경섭',3,2,'2022-11-24 08:14:12'),(882,93,'1111',6,2,'2022-11-24 08:14:12'),(883,3,'강해상',39,2,'2022-11-24 08:14:19'),(884,93,'1111',7,2,'2022-11-24 08:14:20'),(885,3,'강해상',1,2,'2022-11-24 08:14:21'),(886,93,'1111',1,2,'2022-11-24 08:14:23'),(887,93,'1111',2,2,'2022-11-24 08:14:24'),(888,93,'1111',1,2,'2022-11-24 08:14:27'),(889,93,'1111',8,2,'2022-11-24 08:14:29'),(890,93,'1111',3,2,'2022-11-24 08:14:33'),(891,2,'최강자정미노',75,2,'2022-11-24 08:14:34'),(892,1,'양경섭',47,2,'2022-11-24 08:14:36'),(893,1,'양경섭',2,2,'2022-11-24 08:14:38'),(894,1,'양경섭',5,2,'2022-11-24 08:14:40'),(895,1,'양경섭',3,2,'2022-11-24 08:14:41'),(896,2,'최강자정미노',31,2,'2022-11-24 08:14:45'),(897,3,'강해상',65,2,'2022-11-24 08:15:01'),(898,1,'양경섭',54,2,'2022-11-24 08:15:01'),(899,1,'양경섭',1,2,'2022-11-24 08:15:02'),(900,3,'강해상',2,2,'2022-11-24 08:15:03'),(901,3,'강해상',12,2,'2022-11-24 08:15:06'),(902,93,'1111',46,2,'2022-11-24 08:15:08'),(903,3,'강해상',8,2,'2022-11-24 08:15:11'),(904,93,'1111',9,2,'2022-11-24 08:15:14'),(905,3,'강해상',18,2,'2022-11-24 08:15:16'),(906,3,'강해상',7,2,'2022-11-24 08:15:20'),(907,3,'강해상',22,2,'2022-11-24 08:15:27'),(908,93,'1111',31,2,'2022-11-24 08:15:31'),(909,93,'1111',5,2,'2022-11-24 08:15:35'),(910,6,'민서',40,2,'2022-11-24 08:15:37'),(911,1,'양경섭',77,2,'2022-11-24 08:15:47'),(912,1,'양경섭',2,2,'2022-11-24 08:15:48'),(913,93,'1111',35,2,'2022-11-24 08:15:56'),(914,6,'민서',42,2,'2022-11-24 08:15:58'),(915,93,'1111',1,2,'2022-11-24 08:16:00'),(916,1,'양경섭',48,2,'2022-11-24 08:16:09'),(917,1,'양경섭',2,2,'2022-11-24 08:16:11'),(918,1,'양경섭',35,2,'2022-11-24 08:16:24'),(919,93,'1111',46,2,'2022-11-24 08:16:27'),(920,1,'양경섭',3,2,'2022-11-24 08:16:28'),(921,1,'양경섭',4,2,'2022-11-24 08:16:29'),(922,93,'1111',4,2,'2022-11-24 08:16:30'),(923,6,'민서',56,2,'2022-11-24 08:16:33'),(924,1,'양경섭',20,2,'2022-11-24 08:16:35'),(925,2,'최강자정미노',112,2,'2022-11-24 08:16:48'),(926,1,'양경섭',6,2,'2022-11-24 08:16:53'),(927,93,'1111',57,2,'2022-11-24 08:16:57'),(928,93,'1111',1,2,'2022-11-24 08:16:59'),(929,6,'민서',52,2,'2022-11-24 08:17:08'),(930,93,'1111',26,2,'2022-11-24 08:17:15'),(931,93,'1111',9,2,'2022-11-24 08:17:21'),(932,6,'민서',27,2,'2022-11-24 08:17:21'),(933,1,'양경섭',58,2,'2022-11-24 08:17:29'),(934,93,'1111',51,2,'2022-11-24 08:17:54'),(935,1,'양경섭',48,2,'2022-11-24 08:17:58'),(936,1,'양경섭',2,2,'2022-11-24 08:17:59'),(937,6,'민서',46,2,'2022-11-24 08:18:01'),(938,93,'1111',6,2,'2022-11-24 08:18:15'),(939,93,'1111',40,2,'2022-11-24 08:18:20'),(940,93,'1111',2,2,'2022-11-24 08:18:22'),(941,1,'양경섭',41,2,'2022-11-24 08:18:25'),(942,1,'양경섭',2,2,'2022-11-24 08:18:27'),(943,1,'양경섭',37,2,'2022-11-24 08:18:50'),(944,1,'양경섭',2,2,'2022-11-24 08:18:52'),(945,1,'양경섭',5,2,'2022-11-24 08:18:53'),(946,1,'양경섭',1,2,'2022-11-24 08:18:54'),(947,1,'양경섭',3,2,'2022-11-24 08:18:55'),(948,93,'1111',47,2,'2022-11-24 08:18:57'),(949,3,'강해상',3,2,'2022-11-24 08:19:01'),(950,93,'1111',5,2,'2022-11-24 08:19:02'),(951,3,'혜또',1,2,'2022-11-24 08:19:05'),(952,3,'혜또',6,2,'2022-11-24 08:19:12'),(953,1,'양경섭',56,2,'2022-11-24 08:19:20'),(954,3,'혜또',35,2,'2022-11-24 08:19:33'),(955,93,'1111',55,2,'2022-11-24 08:19:34'),(956,3,'혜또',1,2,'2022-11-24 08:19:36'),(957,1,'양경섭',1,2,'2022-11-24 08:19:37'),(958,1,'양경섭',3,2,'2022-11-24 08:19:38'),(959,93,'1111',5,2,'2022-11-24 08:19:39'),(960,3,'강해상',14,2,'2022-11-24 08:19:44'),(961,3,'강해상',29,2,'2022-11-24 08:19:50'),(962,3,'강해상',3,2,'2022-11-24 08:19:52'),(963,3,'강해상',4,2,'2022-11-24 08:19:53'),(964,1,'양경섭',54,2,'2022-11-24 08:19:57'),(965,1,'양경섭',4,2,'2022-11-24 08:20:00'),(966,1,'양경섭',4,2,'2022-11-24 08:20:01'),(967,93,'1111',56,2,'2022-11-24 08:20:11'),(968,1,'양경섭',25,2,'2022-11-24 08:20:11'),(969,93,'1111',5,2,'2022-11-24 08:20:15'),(970,3,'강해상',47,2,'2022-11-24 08:20:17'),(971,3,'강해상',1,2,'2022-11-24 08:20:18'),(972,1,'양경섭',4,1,'2022-11-24 08:20:32'),(973,2,'최강자정미노',68,2,'2022-11-24 08:20:35'),(974,2,'최강자정미노',3,2,'2022-11-24 08:20:37'),(975,93,'1111',44,2,'2022-11-24 08:20:44'),(976,93,'1111',2,2,'2022-11-24 08:20:48'),(977,93,'1111',4,2,'2022-11-24 08:20:48'),(978,93,'1111',4,2,'2022-11-24 08:20:52'),(979,1,'양경섭',25,1,'2022-11-24 08:21:06'),(980,2,'최강자정미노',75,2,'2022-11-24 08:21:06'),(981,3,'강해상',29,1,'2022-11-24 08:21:08'),(982,2,'최강자정미노',1,2,'2022-11-24 08:21:09'),(983,93,'1111',58,2,'2022-11-24 08:21:29'),(984,1,'양경섭',15,1,'2022-11-24 08:21:32'),(985,93,'1111',5,2,'2022-11-24 08:21:33'),(986,93,'1111',3,2,'2022-11-24 08:21:36'),(987,93,'1111',29,2,'2022-11-24 08:21:51'),(988,2,'최강자정미노',82,2,'2022-11-24 08:21:51'),(989,3,'강해상',35,1,'2022-11-24 08:21:54'),(990,2,'최강자정미노',3,2,'2022-11-24 08:21:55'),(991,2,'최강자정미노',5,2,'2022-11-24 08:21:56'),(992,93,'1111',4,2,'2022-11-24 08:21:59'),(993,93,'1111',15,2,'2022-11-24 08:22:00'),(994,93,'1111',8,2,'2022-11-24 08:22:05'),(995,2,'최강자정미노',27,2,'2022-11-24 08:22:07'),(996,2,'최강자정미노',2,2,'2022-11-24 08:22:09'),(997,1,'양경섭',31,1,'2022-11-24 08:22:15'),(998,2,'최강자정미노',44,2,'2022-11-24 08:22:24'),(999,93,'1111',56,2,'2022-11-24 08:22:31'),(1000,2,'최강자정미노',1,2,'2022-11-24 08:22:32'),(1001,93,'1111',1,2,'2022-11-24 08:22:33'),(1002,93,'1111',23,2,'2022-11-24 08:22:43'),(1003,3,'강해상',39,1,'2022-11-24 08:22:44'),(1004,93,'1111',3,2,'2022-11-24 08:22:45'),(1005,93,'1111',6,2,'2022-11-24 08:22:48'),(1006,93,'1111',12,2,'2022-11-24 08:22:56'),(1007,93,'1111',17,2,'2022-11-24 08:22:56'),(1008,3,'강해상',7,1,'2022-11-24 08:22:58'),(1009,1,'양경섭',32,1,'2022-11-24 08:23:00'),(1010,93,'1111',6,2,'2022-11-24 08:23:01'),(1011,93,'1111',42,2,'2022-11-24 08:23:20'),(1012,93,'1111',2,2,'2022-11-24 08:23:23'),(1013,1,'양경섭',20,1,'2022-11-24 08:23:30'),(1014,3,'강해상',23,1,'2022-11-24 08:23:31'),(1015,2,'최강자정미노',93,2,'2022-11-24 08:23:32'),(1016,2,'최강자정미노',1,2,'2022-11-24 08:23:37'),(1017,2,'최강자정미노',21,2,'2022-11-24 08:23:45'),(1018,2,'최강자정미노',1,2,'2022-11-24 08:23:48'),(1019,1,'양경섭',18,1,'2022-11-24 08:23:57'),(1020,2,'최강자정미노',57,2,'2022-11-24 08:24:12'),(1021,3,'강해상',32,1,'2022-11-24 08:24:17'),(1022,2,'최강자정미노',2,2,'2022-11-24 08:24:18'),(1023,2,'최강자정미노',3,2,'2022-11-24 08:24:18'),(1024,2,'최강자정미노',8,2,'2022-11-24 08:24:23'),(1025,93,'1111',59,2,'2022-11-24 08:24:24'),(1026,93,'1111',4,2,'2022-11-24 08:24:28'),(1027,2,'최강자정미노',55,2,'2022-11-24 08:24:41'),(1028,1,'양경섭',32,1,'2022-11-24 08:24:42'),(1029,93,'1111',42,2,'2022-11-24 08:24:43'),(1030,93,'1111',1,2,'2022-11-24 08:24:46'),(1031,2,'최강자정미노',4,2,'2022-11-24 08:24:47'),(1032,1,'양경섭',8,1,'2022-11-24 08:24:58'),(1033,1,'양경섭',0,1,'2022-11-24 08:25:03'),(1034,3,'강해상',25,1,'2022-11-24 08:25:05'),(1035,93,'1111',41,2,'2022-11-24 08:25:08'),(1036,93,'1111',1,2,'2022-11-24 08:25:11'),(1037,93,'1111',33,2,'2022-11-24 08:25:27'),(1038,2,'최강자정미노',85,2,'2022-11-24 08:25:29'),(1039,1,'양경섭',22,1,'2022-11-24 08:25:36'),(1040,3,'강해상',37,1,'2022-11-24 08:25:57'),(1041,81,'진명',50,1,'2022-11-24 08:25:58'),(1042,1,'양경섭',16,1,'2022-11-24 08:26:02'),(1043,93,'1111',25,1,'2022-11-24 08:26:02'),(1044,93,'1111',1,1,'2022-11-24 08:26:10'),(1045,1,'양경섭',0,1,'2022-11-24 08:26:16'),(1046,2,'최강자정미노',32,1,'2022-11-24 08:26:18'),(1047,1,'양경섭',3,1,'2022-11-24 08:26:23'),(1048,93,'1111',8,1,'2022-11-24 08:26:25'),(1049,1,'양경섭',1,1,'2022-11-24 08:26:28'),(1050,93,'1111',1,1,'2022-11-24 08:26:31'),(1051,1,'양경섭',7,1,'2022-11-24 08:26:39'),(1052,2,'최강자정미노',13,1,'2022-11-24 08:26:41'),(1053,3,'강해상',16,1,'2022-11-24 08:26:51'),(1054,2,'최강자정미노',75,2,'2022-11-24 08:27:16'),(1055,2,'최강자정미노',1,2,'2022-11-24 08:27:18'),(1056,2,'최강자정미노',1,2,'2022-11-24 08:27:18'),(1057,1,'양경섭',36,1,'2022-11-24 08:27:29'),(1058,2,'최강자정미노',14,2,'2022-11-24 08:27:43'),(1059,2,'최강자정미노',2,2,'2022-11-24 08:27:46'),(1060,2,'최강자정미노',52,2,'2022-11-24 08:28:10'),(1061,3,'강해상',28,1,'2022-11-24 08:28:13'),(1062,1,'양경섭',33,1,'2022-11-24 08:28:31'),(1063,2,'최강자정미노',60,2,'2022-11-24 08:28:37'),(1064,2,'최강자정미노',60,2,'2022-11-24 08:29:03'),(1065,3,'강해상',36,1,'2022-11-24 08:29:04'),(1066,81,'진명',42,1,'2022-11-24 08:29:05'),(1067,1,'양경섭',32,1,'2022-11-24 08:29:17'),(1068,6,'민서',31,1,'2022-11-24 08:29:25'),(1069,2,'최강자정미노',66,2,'2022-11-24 08:29:28'),(1070,2,'최강자정미노',13,2,'2022-11-24 08:29:35'),(1071,79,'인턴산타',15,1,'2022-11-24 08:30:00'),(1072,1,'양경섭',33,1,'2022-11-24 08:30:04'),(1073,81,'진명',38,1,'2022-11-24 08:30:07'),(1074,3,'강해상',33,1,'2022-11-24 08:30:17'),(1075,6,'민서',37,1,'2022-11-24 08:30:18'),(1076,1,'양경섭',9,1,'2022-11-24 08:30:20'),(1077,2,'최강자정미노',85,2,'2022-11-24 08:30:22'),(1078,79,'인턴산타',22,1,'2022-11-24 08:30:35'),(1079,81,'진명',28,1,'2022-11-24 08:30:48'),(1080,2,'최강자정미노',24,1,'2022-11-24 08:30:56'),(1081,81,'진명',0,1,'2022-11-24 08:31:01'),(1082,1,'양경섭',33,1,'2022-11-24 08:31:04'),(1083,2,'최강자정미노',1,1,'2022-11-24 08:31:06'),(1084,3,'강해상',37,1,'2022-11-24 08:31:07'),(1085,6,'민서',41,1,'2022-11-24 08:31:13'),(1086,79,'인턴산타',60,2,'2022-11-24 08:31:14'),(1087,81,'진명',26,1,'2022-11-24 08:31:41'),(1088,79,'인턴산타',58,2,'2022-11-24 08:31:52'),(1089,3,'강해상',34,1,'2022-11-24 08:31:54'),(1090,6,'민서',38,1,'2022-11-24 08:32:06'),(1091,1,'양경섭',34,1,'2022-11-24 08:32:07'),(1092,79,'인턴산타',40,2,'2022-11-24 08:32:14'),(1093,79,'인턴산타',36,2,'2022-11-24 08:32:33'),(1094,79,'인턴산타',1,2,'2022-11-24 08:32:35'),(1095,79,'인턴산타',17,2,'2022-11-24 08:32:41'),(1096,79,'인턴산타',4,2,'2022-11-24 08:32:44'),(1097,79,'인턴산타',33,2,'2022-11-24 08:33:04'),(1098,79,'인턴산타',1,2,'2022-11-24 08:33:05'),(1099,1,'양경섭',18,1,'2022-11-24 08:33:06'),(1100,6,'민서',41,1,'2022-11-24 08:33:15'),(1101,79,'인턴산타',58,2,'2022-11-24 08:33:28'),(1102,3,'강해상',35,1,'2022-11-24 08:33:34'),(1103,79,'인턴산타',49,2,'2022-11-24 08:33:54'),(1104,93,'1111',13,1,'2022-11-24 08:33:56'),(1105,1,'양경섭',41,1,'2022-11-24 08:34:11'),(1106,79,'인턴산타',41,2,'2022-11-24 08:34:13'),(1107,3,'강해상',34,1,'2022-11-24 08:34:20'),(1108,6,'민서',49,1,'2022-11-24 08:34:20'),(1109,2,'최강자정미노',2,2,'2022-11-24 08:34:40'),(1110,2,'최강자정미노',3,2,'2022-11-24 08:34:41'),(1111,2,'최강자정미노',9,2,'2022-11-24 08:34:45'),(1112,1,'양경섭',9,1,'2022-11-24 08:34:45'),(1113,79,'인턴산타',64,2,'2022-11-24 08:34:54'),(1114,2,'최강자정미노',39,2,'2022-11-24 08:34:57'),(1115,93,'1111',70,2,'2022-11-24 08:34:59'),(1116,2,'최강자정미노',2,2,'2022-11-24 08:34:59'),(1117,3,'강해상',31,1,'2022-11-24 08:35:01'),(1118,2,'최강자정미노',13,2,'2022-11-24 08:35:01'),(1119,2,'최강자정미노',4,2,'2022-11-24 08:35:05'),(1120,79,'인턴산타',38,2,'2022-11-24 08:35:12'),(1121,1,'양경섭',27,1,'2022-11-24 08:35:26'),(1122,6,'민서',47,1,'2022-11-24 08:35:28'),(1123,93,'1111',42,2,'2022-11-24 08:35:31'),(1124,93,'1111',6,2,'2022-11-24 08:35:34'),(1125,79,'인턴산타',51,2,'2022-11-24 08:35:42'),(1126,3,'강해상',31,1,'2022-11-24 08:35:43'),(1127,79,'인턴산타',5,2,'2022-11-24 08:35:47'),(1128,2,'최강자정미노',112,2,'2022-11-24 08:36:08'),(1129,79,'인턴산타',46,2,'2022-11-24 08:36:13'),(1130,79,'인턴산타',4,2,'2022-11-24 08:36:16'),(1131,1,'양경섭',40,1,'2022-11-24 08:36:23'),(1132,2,'최강자정미노',18,2,'2022-11-24 08:36:25'),(1133,6,'민서',43,1,'2022-11-24 08:36:26'),(1134,2,'최강자정미노',10,2,'2022-11-24 08:36:31'),(1135,2,'최강자정미노',13,2,'2022-11-24 08:36:37'),(1136,2,'최강자정미노',51,2,'2022-11-24 08:36:47'),(1137,3,'강해상',48,1,'2022-11-24 08:36:48'),(1138,2,'최강자정미노',4,2,'2022-11-24 08:36:53'),(1139,2,'최강자정미노',11,2,'2022-11-24 08:36:54'),(1140,1,'양경섭',32,1,'2022-11-24 08:37:10'),(1141,2,'최강자정미노',57,2,'2022-11-24 08:37:17'),(1142,79,'인턴산타',62,2,'2022-11-24 08:37:19'),(1143,2,'최강자정미노',2,2,'2022-11-24 08:37:19'),(1144,2,'최강자정미노',2,2,'2022-11-24 08:37:19'),(1145,6,'민서',45,1,'2022-11-24 08:37:25'),(1146,79,'인턴산타',17,2,'2022-11-24 08:37:27'),(1147,93,'1111',2,1,'2022-11-24 08:37:40'),(1148,79,'인턴산타',55,2,'2022-11-24 08:38:02'),(1149,2,'최강자정미노',88,2,'2022-11-24 08:38:05'),(1150,2,'최강자정미노',3,2,'2022-11-24 08:38:08'),(1151,2,'최강자정미노',3,2,'2022-11-24 08:38:09'),(1152,2,'최강자정미노',24,2,'2022-11-24 08:38:14'),(1153,2,'최강자정미노',1,2,'2022-11-24 08:38:15'),(1154,6,'민서',39,1,'2022-11-24 08:38:18'),(1155,2,'최강자정미노',8,2,'2022-11-24 08:38:21'),(1156,79,'인턴산타',46,2,'2022-11-24 08:38:25'),(1157,79,'인턴산타',5,2,'2022-11-24 08:38:30'),(1158,79,'인턴산타',1,2,'2022-11-24 08:38:31'),(1159,2,'최강자정미노',54,2,'2022-11-24 08:38:38'),(1160,2,'최강자정미노',3,2,'2022-11-24 08:38:40'),(1161,2,'최강자정미노',4,2,'2022-11-24 08:38:41'),(1162,2,'최강자정미노',12,2,'2022-11-24 08:38:45'),(1163,79,'인턴산타',40,2,'2022-11-24 08:38:46'),(1164,81,'진명',38,1,'2022-11-24 08:39:10'),(1165,6,'민서',39,1,'2022-11-24 08:39:12'),(1166,79,'인턴산타',51,2,'2022-11-24 08:39:13'),(1167,79,'인턴산타',25,2,'2022-11-24 08:39:23'),(1168,79,'인턴산타',3,2,'2022-11-24 08:39:27'),(1169,2,'최강자정미노',34,2,'2022-11-24 08:39:40'),(1170,2,'최강자정미노',1,2,'2022-11-24 08:39:42'),(1171,2,'최강자정미노',5,2,'2022-11-24 08:39:43'),(1172,2,'최강자정미노',11,2,'2022-11-24 08:39:46'),(1173,81,'진명',33,1,'2022-11-24 08:40:00'),(1174,79,'인턴산타',55,2,'2022-11-24 08:40:02'),(1175,6,'민서',38,1,'2022-11-24 08:40:05'),(1176,79,'인턴산타',30,2,'2022-11-24 08:40:17'),(1177,93,'1111',35,2,'2022-11-24 08:40:47'),(1178,93,'1111',1,2,'2022-11-24 08:40:49'),(1179,93,'1111',1,2,'2022-11-24 08:40:49'),(1180,93,'1111',5,2,'2022-11-24 08:40:52'),(1181,79,'인턴산타',68,2,'2022-11-24 08:41:02'),(1182,6,'민서',42,1,'2022-11-24 08:41:03'),(1183,93,'1111',32,2,'2022-11-24 08:41:12'),(1184,79,'인턴산타',27,2,'2022-11-24 08:41:15'),(1185,93,'1111',8,2,'2022-11-24 08:41:23'),(1186,79,'인턴산타',36,2,'2022-11-24 08:41:33'),(1187,2,'최강자정미노',120,2,'2022-11-24 08:41:43'),(1188,79,'인턴산타',10,2,'2022-11-24 08:41:47'),(1189,93,'1111',16,1,'2022-11-24 08:41:50'),(1190,6,'민서',45,1,'2022-11-24 08:42:04'),(1191,79,'인턴산타',52,2,'2022-11-24 08:42:14'),(1192,93,'1111',18,1,'2022-11-24 08:42:18'),(1193,79,'인턴산타',2,2,'2022-11-24 08:42:20'),(1194,93,'1111',9,1,'2022-11-24 08:42:48'),(1195,93,'1111',2,1,'2022-11-24 08:42:55'),(1196,79,'인턴산타',61,2,'2022-11-24 08:42:58'),(1197,6,'민서',41,1,'2022-11-24 08:42:59'),(1198,6,'민서',2,1,'2022-11-24 08:43:06'),(1199,79,'인턴산타',15,1,'2022-11-24 08:43:26'),(1200,79,'인턴산타',2,1,'2022-11-24 08:43:33'),(1201,6,'민서',28,1,'2022-11-24 08:43:43'),(1202,79,'인턴산타',2,1,'2022-11-24 08:43:44'),(1203,79,'인턴산타',9,1,'2022-11-24 08:44:00'),(1204,79,'인턴산타',19,1,'2022-11-24 08:44:28'),(1205,6,'민서',37,1,'2022-11-24 08:44:34'),(1206,79,'인턴산타',10,1,'2022-11-24 08:44:46'),(1207,79,'인턴산타',11,1,'2022-11-24 08:45:05'),(1208,79,'인턴산타',4,1,'2022-11-24 08:45:17'),(1209,79,'인턴산타',11,1,'2022-11-24 08:45:35'),(1210,6,'민서',48,1,'2022-11-24 08:45:39'),(1211,93,'1111',4,1,'2022-11-24 08:45:44'),(1212,79,'인턴산타',15,1,'2022-11-24 08:46:05'),(1213,93,'1111',49,2,'2022-11-24 08:46:15'),(1214,93,'1111',1,2,'2022-11-24 08:46:20'),(1215,93,'1111',3,2,'2022-11-24 08:46:20'),(1216,93,'1111',4,2,'2022-11-24 08:46:20'),(1217,6,'민서',34,1,'2022-11-24 08:46:30'),(1218,79,'인턴산타',18,1,'2022-11-24 08:46:33'),(1219,93,'1111',7,2,'2022-11-24 08:46:33'),(1220,93,'1111',25,2,'2022-11-24 08:46:36'),(1221,93,'1111',1,2,'2022-11-24 08:46:38'),(1222,93,'1111',2,2,'2022-11-24 08:46:38'),(1223,93,'1111',2,2,'2022-11-24 08:46:38'),(1224,93,'1111',29,2,'2022-11-24 08:46:42'),(1225,79,'인턴산타',1,1,'2022-11-24 08:46:43'),(1226,93,'1111',5,2,'2022-11-24 08:46:44'),(1227,79,'인턴산타',5,1,'2022-11-24 08:46:53'),(1228,93,'1111',47,2,'2022-11-24 08:47:06'),(1229,93,'1111',11,1,'2022-11-24 08:47:31'),(1230,6,'민서',43,1,'2022-11-24 08:47:32'),(1231,6,'민서',5,1,'2022-11-24 08:47:42'),(1232,79,'인턴산타',34,1,'2022-11-24 08:47:44'),(1233,79,'인턴산타',1,1,'2022-11-24 08:47:52'),(1234,79,'인턴산타',39,1,'2022-11-24 08:48:47'),(1235,6,'민서',44,1,'2022-11-24 08:48:54'),(1236,79,'인턴산타',34,1,'2022-11-24 08:49:37'),(1237,6,'민서',39,1,'2022-11-24 08:49:48'),(1238,6,'민서',2,1,'2022-11-24 08:49:55'),(1239,6,'민서',1,1,'2022-11-24 08:50:00'),(1240,79,'인턴산타',26,1,'2022-11-24 08:50:14'),(1241,79,'인턴산타',16,1,'2022-11-24 08:50:37'),(1242,79,'인턴산타',6,1,'2022-11-24 08:50:49'),(1243,6,'민서',44,1,'2022-11-24 08:50:59'),(1244,79,'인턴산타',16,1,'2022-11-24 08:51:12'),(1245,79,'인턴산타',4,1,'2022-11-24 08:51:21'),(1246,6,'민서',33,1,'2022-11-24 08:51:45'),(1247,79,'인턴산타',17,1,'2022-11-24 08:51:46'),(1248,79,'인턴산타',2,1,'2022-11-24 08:51:53'),(1249,79,'인턴산타',5,1,'2022-11-24 08:52:06'),(1250,79,'인턴산타',7,1,'2022-11-24 08:52:29'),(1251,6,'민서',43,1,'2022-11-24 08:52:48'),(1252,79,'인턴산타',20,1,'2022-11-24 08:52:58'),(1253,6,'민서',5,1,'2022-11-24 08:52:59'),(1254,79,'인턴산타',53,2,'2022-11-24 08:53:36'),(1255,79,'인턴산타',14,2,'2022-11-24 08:53:47'),(1256,79,'인턴산타',2,2,'2022-11-24 08:53:51'),(1257,6,'민서',39,1,'2022-11-24 08:53:52'),(1258,79,'인턴산타',6,2,'2022-11-24 08:53:59'),(1259,79,'인턴산타',35,2,'2022-11-24 08:54:14'),(1260,79,'인턴산타',9,2,'2022-11-24 08:54:20'),(1261,79,'인턴산타',18,2,'2022-11-24 08:54:29'),(1262,79,'인턴산타',2,2,'2022-11-24 08:54:33'),(1263,79,'인턴산타',2,2,'2022-11-24 08:54:35'),(1264,93,'1111',54,2,'2022-11-24 08:54:36'),(1265,79,'인턴산타',2,2,'2022-11-24 08:54:36'),(1266,79,'인턴산타',7,2,'2022-11-24 08:54:37'),(1267,79,'인턴산타',1,2,'2022-11-24 08:54:39'),(1268,79,'인턴산타',10,2,'2022-11-24 08:54:41'),(1269,79,'인턴산타',3,2,'2022-11-24 08:54:43'),(1270,93,'1111',35,2,'2022-11-24 08:54:58'),(1271,6,'민서',51,1,'2022-11-24 08:54:59'),(1272,79,'인턴산타',51,2,'2022-11-24 08:55:06'),(1273,8,'닉네임',41,2,'2022-11-24 12:59:30'),(1274,8,'닉네임',38,2,'2022-11-24 12:59:55'),(1275,8,'닉네임',34,2,'2022-11-24 13:00:13'),(1276,8,'닉네임',42,2,'2022-11-24 13:00:46'),(1277,8,'닉네임',1,2,'2022-11-24 13:00:47'),(1278,8,'닉네임',45,2,'2022-11-24 13:01:09'),(1279,8,'닉네임',18,1,'2022-11-24 13:02:19'),(1280,8,'닉네임',16,1,'2022-11-24 13:02:44'),(1281,8,'닉네임',8,1,'2022-11-24 13:02:57'),(1282,8,'닉네임',34,1,'2022-11-24 13:06:51'),(1283,8,'닉네임',36,1,'2022-11-24 13:07:42'),(1284,8,'닉네임',40,1,'2022-11-24 13:08:46'),(1285,8,'닉네임',35,1,'2022-11-24 13:09:35'),(1286,8,'닉네임',13,1,'2022-11-24 13:10:00'),(1287,8,'닉네임',1,1,'2022-11-24 13:10:12'),(1288,8,'닉네임',36,1,'2022-11-24 13:11:04'),(1289,8,'닉네임',9,1,'2022-11-24 13:11:18'),(1290,1,'양경섭',10,2,'2022-11-24 13:57:04'),(1291,1,'양경섭',3,1,'2022-11-24 13:57:18'),(1292,1,'양경섭',37,2,'2022-11-24 14:03:45'),(1293,1,'양경섭',70,2,'2022-11-24 14:04:39'),(1294,34,'쮸쮸',16,1,'2022-11-24 14:59:38'),(1295,89,'슈퍼마카롱',29,1,'2022-11-24 15:04:23'),(1296,89,'슈퍼마카롱',59,2,'2022-11-24 15:05:20'),(1297,89,'슈퍼마카롱',1,2,'2022-11-24 15:05:23'),(1298,89,'슈퍼마카롱',5,2,'2022-11-24 15:05:25'),(1299,89,'슈퍼마카롱',49,2,'2022-11-24 15:05:59'),(1300,89,'슈퍼마카롱',41,2,'2022-11-24 15:06:35'),(1301,89,'슈퍼마카롱',46,2,'2022-11-24 15:07:05'),(1302,89,'슈퍼마카롱',9,1,'2022-11-24 15:07:20'),(1303,89,'슈퍼마카롱',52,2,'2022-11-24 15:08:17'),(1304,89,'슈퍼마카롱',45,2,'2022-11-24 15:08:50'),(1305,89,'슈퍼마카롱',44,2,'2022-11-24 15:09:42'),(1306,89,'슈퍼마카롱',75,2,'2022-11-24 15:10:27'),(1307,89,'슈퍼마카롱',40,2,'2022-11-24 15:11:29'),(1308,89,'슈퍼마카롱',4,2,'2022-11-24 15:11:32'),(1309,89,'슈퍼마카롱',13,2,'2022-11-24 15:11:41'),(1310,89,'슈퍼마카롱',44,2,'2022-11-24 15:12:10'),(1311,89,'슈퍼마카롱',60,2,'2022-11-24 15:12:45'),(1312,89,'슈퍼마카롱',24,2,'2022-11-24 15:12:55'),(1313,89,'슈퍼마카롱',16,2,'2022-11-24 15:13:05'),(1314,89,'슈퍼마카롱',1,2,'2022-11-24 15:13:06'),(1315,89,'슈퍼마카롱',52,2,'2022-11-24 15:13:49'),(1316,89,'슈퍼마카롱',63,2,'2022-11-24 15:14:49'),(1317,89,'슈퍼마카롱',45,2,'2022-11-24 15:15:19'),(1318,89,'슈퍼마카롱',5,2,'2022-11-24 15:15:24'),(1319,89,'슈퍼마카롱',47,2,'2022-11-24 15:16:12'),(1320,89,'슈퍼마카롱',5,2,'2022-11-24 15:16:16'),(1321,89,'슈퍼마카롱',46,2,'2022-11-24 15:17:06'),(1322,89,'슈퍼마카롱',70,2,'2022-11-24 15:18:04'),(1323,89,'슈퍼마카롱',57,2,'2022-11-24 15:18:37'),(1324,2,'최강자정미노',76,2,'2022-11-24 15:19:59'),(1325,1,'양경섭',31,2,'2022-11-24 23:43:52'),(1326,1,'양경섭',39,2,'2022-11-24 23:44:38'),(1327,1,'양경섭',1,2,'2022-11-24 23:44:40'),(1328,1,'양경섭',50,2,'2022-11-24 23:45:05'),(1329,93,'1111',24,1,'2022-11-24 23:45:26'),(1330,2,'최강자정미노',60,2,'2022-11-24 23:45:46'),(1331,6,'민서',45,2,'2022-11-24 23:46:33'),(1332,93,'1111',41,2,'2022-11-24 23:47:06'),(1333,6,'민서',39,1,'2022-11-24 23:47:24'),(1334,93,'1111',27,2,'2022-11-24 23:47:31'),(1335,93,'1111',38,2,'2022-11-24 23:47:50'),(1336,93,'1111',36,2,'2022-11-24 23:48:16'),(1337,93,'1111',3,2,'2022-11-24 23:48:20'),(1338,93,'1111',26,2,'2022-11-24 23:48:36'),(1339,93,'1111',40,2,'2022-11-24 23:48:59'),(1340,93,'1111',45,2,'2022-11-24 23:49:23'),(1341,93,'1111',7,2,'2022-11-24 23:49:26'),(1342,93,'1111',32,2,'2022-11-24 23:49:47'),(1343,93,'1111',1,2,'2022-11-24 23:49:48'),(1344,93,'1111',9,2,'2022-11-24 23:49:53'),(1345,93,'1111',1,2,'2022-11-24 23:49:54'),(1346,93,'1111',1,2,'2022-11-24 23:49:55'),(1347,93,'1111',50,2,'2022-11-24 23:50:41'),(1348,97,'원싸피',2,1,'2022-11-25 00:04:27'),(1349,6,'민서',14,1,'2022-11-25 00:21:58'),(1350,99,'싸피산타',3,1,'2022-11-25 01:09:43'),(1351,105,'하은쓰',5,2,'2022-11-25 01:21:02'),(1352,105,'하은쓰',38,2,'2022-11-25 01:21:35'),(1353,104,'아메리카노얼음많이',9,1,'2022-11-25 01:22:06'),(1354,105,'하은쓰',30,2,'2022-11-25 01:22:32'),(1355,105,'하은쓰',70,2,'2022-11-25 01:23:29'),(1356,105,'하은쓰',18,2,'2022-11-25 01:24:02'),(1357,105,'하은쓰',15,2,'2022-11-25 01:24:22'),(1358,105,'하은쓰',1,2,'2022-11-25 01:24:26'),(1359,105,'하은쓰',1,2,'2022-11-25 01:24:26'),(1360,105,'하은쓰',14,2,'2022-11-25 01:24:31'),(1361,105,'하은쓰',9,2,'2022-11-25 01:24:33'),(1362,105,'하은쓰',2,2,'2022-11-25 01:24:33'),(1363,105,'하은쓰',2,2,'2022-11-25 01:24:33'),(1364,105,'하은쓰',68,2,'2022-11-25 01:25:16'),(1365,105,'하은쓰',1,2,'2022-11-25 01:25:19'),(1366,105,'하은쓰',3,2,'2022-11-25 01:25:20'),(1367,105,'하은쓰',5,2,'2022-11-25 01:25:21'),(1368,105,'하은쓰',59,2,'2022-11-25 01:26:03'),(1369,105,'하은쓰',1,2,'2022-11-25 01:26:04'),(1370,105,'하은쓰',3,2,'2022-11-25 01:26:05'),(1371,105,'하은쓰',6,2,'2022-11-25 01:26:06'),(1372,105,'하은쓰',17,2,'2022-11-25 01:26:10'),(1373,105,'하은쓰',1,2,'2022-11-25 01:26:12'),(1374,105,'하은쓰',1,2,'2022-11-25 01:26:12'),(1375,105,'하은쓰',2,2,'2022-11-25 01:26:13'),(1376,105,'하은쓰',42,2,'2022-11-25 01:26:56'),(1377,105,'하은쓰',4,2,'2022-11-25 01:26:57'),(1378,105,'하은쓰',4,2,'2022-11-25 01:26:59'),(1379,105,'하은쓰',4,2,'2022-11-25 01:27:04'),(1380,104,'아메리카노얼음많이',19,2,'2022-11-25 01:27:15'),(1381,105,'하은쓰',46,2,'2022-11-25 01:27:31'),(1382,104,'아메리카노얼음많이',27,2,'2022-11-25 01:27:31'),(1383,105,'하은쓰',1,2,'2022-11-25 01:27:32'),(1384,105,'하은쓰',1,2,'2022-11-25 01:27:32'),(1385,105,'하은쓰',1,2,'2022-11-25 01:27:32'),(1386,105,'하은쓰',78,2,'2022-11-25 01:29:10'),(1387,105,'하은쓰',0,1,'2022-11-25 01:29:27'),(1388,105,'하은쓰',12,1,'2022-11-25 01:29:45'),(1389,105,'하은쓰',26,1,'2022-11-25 01:30:32'),(1390,105,'하은쓰',0,1,'2022-11-25 01:30:39'),(1391,105,'하은쓰',42,1,'2022-11-25 01:31:36'),(1392,105,'하은쓰',42,1,'2022-11-25 01:32:43'),(1393,104,'아메리카노얼음많이',15,1,'2022-11-25 01:36:26'),(1394,105,'하은쓰',1,1,'2022-11-25 01:36:57'),(1395,105,'하은쓰',35,1,'2022-11-25 01:37:47'),(1396,105,'하은쓰',34,1,'2022-11-25 01:38:55'),(1397,105,'하은쓰',28,2,'2022-11-25 01:39:30'),(1398,105,'하은쓰',32,2,'2022-11-25 01:39:48'),(1399,105,'하은쓰',20,2,'2022-11-25 01:39:58'),(1400,105,'하은쓰',26,1,'2022-11-25 01:39:58'),(1401,105,'하은쓰',59,2,'2022-11-25 01:40:31'),(1402,105,'하은쓰',3,2,'2022-11-25 01:40:37'),(1403,105,'하은쓰',55,2,'2022-11-25 01:41:40'),(1404,105,'하은쓰',49,2,'2022-11-25 01:42:07'),(1405,105,'하은쓰',60,2,'2022-11-25 01:43:03'),(1406,105,'하은쓰',15,2,'2022-11-25 01:43:08'),(1407,105,'하은쓰',21,2,'2022-11-25 01:43:25'),(1408,105,'하은쓰',45,2,'2022-11-25 01:43:48'),(1409,106,'역삼역아이린',26,1,'2022-11-25 01:43:54'),(1410,105,'하은쓰',12,2,'2022-11-25 01:43:54'),(1411,105,'하은쓰',35,2,'2022-11-25 01:44:07'),(1412,106,'역삼역아이린',41,1,'2022-11-25 01:44:49'),(1413,105,'하은쓰',76,2,'2022-11-25 01:45:22'),(1414,106,'역삼역아이린',16,1,'2022-11-25 01:45:25'),(1415,105,'하은쓰',2,2,'2022-11-25 01:45:27'),(1416,105,'하은쓰',32,2,'2022-11-25 01:45:41'),(1417,106,'역삼역아이린',29,1,'2022-11-25 01:46:06'),(1418,105,'하은쓰',66,2,'2022-11-25 01:46:25'),(1419,106,'역삼역아이린',30,2,'2022-11-25 01:46:47'),(1420,105,'하은쓰',59,2,'2022-11-25 01:47:17'),(1421,106,'역삼역아이린',37,1,'2022-11-25 01:47:47'),(1422,105,'하은쓰',56,2,'2022-11-25 01:48:12'),(1423,105,'하은쓰',20,2,'2022-11-25 01:48:21'),(1424,105,'하은쓰',10,2,'2022-11-25 01:48:25'),(1425,105,'하은쓰',1,2,'2022-11-25 01:48:27'),(1426,105,'하은쓰',2,2,'2022-11-25 01:48:30'),(1427,106,'역삼역아이린',37,1,'2022-11-25 01:48:38'),(1428,105,'하은쓰',56,2,'2022-11-25 01:49:15'),(1429,105,'하은쓰',3,2,'2022-11-25 01:49:18'),(1430,105,'하은쓰',2,2,'2022-11-25 01:49:21'),(1431,106,'역삼역아이린',34,1,'2022-11-25 01:49:25'),(1432,105,'하은쓰',14,2,'2022-11-25 01:49:31'),(1433,105,'하은쓰',5,2,'2022-11-25 01:49:31'),(1434,105,'하은쓰',1,2,'2022-11-25 01:49:32'),(1435,105,'하은쓰',80,2,'2022-11-25 01:49:34'),(1436,105,'하은쓰',108,2,'2022-11-25 01:49:35'),(1437,105,'하은쓰',10,2,'2022-11-25 01:49:43'),(1438,105,'하은쓰',5,2,'2022-11-25 01:49:49'),(1439,105,'하은쓰',1,2,'2022-11-25 01:49:51'),(1440,105,'하은쓰',35,2,'2022-11-25 01:50:08'),(1441,105,'하은쓰',42,2,'2022-11-25 01:50:26'),(1442,105,'하은쓰',38,2,'2022-11-25 01:50:46'),(1443,105,'하은쓰',76,2,'2022-11-25 01:50:47'),(1444,105,'하은쓰',1,2,'2022-11-25 01:50:52'),(1445,105,'하은쓰',17,2,'2022-11-25 01:51:12'),(1446,105,'하은쓰',44,2,'2022-11-25 01:51:34'),(1447,105,'하은쓰',28,2,'2022-11-25 01:51:46'),(1448,2,'최강자정미노',24,2,'2022-11-25 02:32:57'),(1449,2,'최강자정미노',30,2,'2022-11-25 02:33:09'),(1450,2,'최강자정미노',2,2,'2022-11-25 02:33:12'),(1451,2,'최강자정미노',84,2,'2022-11-25 02:34:02'),(1452,2,'최강자정미노',66,2,'2022-11-25 02:34:35'),(1453,81,'진명',45,2,'2022-11-25 03:58:55'),(1454,81,'진명',63,2,'2022-11-25 03:59:31'),(1455,81,'진명',88,2,'2022-11-25 04:00:52'),(1456,81,'진명',51,2,'2022-11-25 04:01:20'),(1457,81,'진명',60,2,'2022-11-25 04:01:54'),(1458,81,'진명',57,2,'2022-11-25 04:02:22'),(1459,81,'진명',35,1,'2022-11-25 04:03:29'),(1460,81,'진명',30,1,'2022-11-25 04:04:15'),(1461,81,'진명',29,1,'2022-11-25 04:05:01'),(1462,81,'진명',26,1,'2022-11-25 04:05:41'),(1463,81,'진명',37,1,'2022-11-25 04:06:32'),(1464,81,'진명',42,2,'2022-11-25 04:30:02'),(1465,81,'진명',9,2,'2022-11-25 04:30:09'),(1466,81,'진명',41,2,'2022-11-25 04:30:24'),(1467,81,'진명',2,2,'2022-11-25 04:30:25'),(1468,81,'진명',26,2,'2022-11-25 04:30:36'),(1469,81,'진명',1,2,'2022-11-25 04:30:37'),(1470,81,'진명',3,2,'2022-11-25 04:30:38'),(1471,81,'진명',1,2,'2022-11-25 04:30:39'),(1472,81,'진명',40,2,'2022-11-25 04:31:07'),(1473,81,'진명',1,2,'2022-11-25 04:31:08'),(1474,81,'진명',2,2,'2022-11-25 04:31:08'),(1475,81,'진명',1,2,'2022-11-25 04:31:10'),(1476,81,'진명',4,2,'2022-11-25 04:31:12'),(1477,81,'진명',1,2,'2022-11-25 04:31:13'),(1478,81,'진명',2,2,'2022-11-25 04:31:14'),(1479,81,'진명',34,2,'2022-11-25 04:31:28'),(1480,99,'싸피산타',17,1,'2022-11-25 05:10:52'),(1481,99,'싸피산타',46,1,'2022-11-25 05:11:59'),(1482,99,'싸피산타',4,1,'2022-11-25 05:12:16'),(1483,99,'싸피산타',0,1,'2022-11-25 05:12:19'),(1484,99,'싸피산타',0,1,'2022-11-25 05:12:21'),(1485,99,'싸피산타',2,1,'2022-11-25 05:12:26'),(1486,99,'싸피산타',17,1,'2022-11-25 05:12:51'),(1487,99,'싸피산타',1,1,'2022-11-25 05:12:56'),(1488,99,'싸피산타',18,1,'2022-11-25 05:13:25'),(1489,99,'싸피산타',7,1,'2022-11-25 05:13:37'),(1490,99,'싸피산타',16,1,'2022-11-25 05:14:00'),(1491,99,'싸피산타',36,1,'2022-11-25 05:14:51'),(1492,99,'싸피산타',6,1,'2022-11-25 05:15:03'),(1493,99,'싸피산타',27,1,'2022-11-25 05:15:42'),(1494,99,'싸피산타',10,1,'2022-11-25 05:15:58'),(1495,99,'싸피산타',43,1,'2022-11-25 05:16:59'),(1496,99,'싸피산타',2,1,'2022-11-25 05:17:05'),(1497,99,'싸피산타',14,1,'2022-11-25 05:17:25'),(1498,99,'싸피산타',41,1,'2022-11-25 05:18:22'),(1499,99,'싸피산타',1,1,'2022-11-25 05:18:28'),(1500,99,'싸피산타',2,1,'2022-11-25 05:18:34'),(1501,99,'싸피산타',2,1,'2022-11-25 05:18:39'),(1502,99,'싸피산타',0,1,'2022-11-25 05:18:41'),(1503,99,'싸피산타',31,1,'2022-11-25 05:19:24'),(1504,99,'싸피산타',1,1,'2022-11-25 05:19:31'),(1505,99,'싸피산타',36,1,'2022-11-25 05:20:21'),(1506,99,'싸피산타',21,1,'2022-11-25 05:20:51'),(1507,99,'싸피산타',35,1,'2022-11-25 05:21:40'),(1508,99,'싸피산타',21,1,'2022-11-25 05:22:12'),(1509,99,'싸피산타',2,1,'2022-11-25 05:22:21'),(1510,99,'싸피산타',0,1,'2022-11-25 05:22:23'),(1511,99,'싸피산타',30,1,'2022-11-25 05:23:04'),(1512,99,'싸피산타',44,1,'2022-11-25 05:24:01'),(1513,99,'싸피산타',39,1,'2022-11-25 05:24:54'),(1514,99,'싸피산타',14,1,'2022-11-25 05:25:16'),(1515,107,'리밍밍구',22,1,'2022-11-25 05:28:44'),(1516,107,'리밍밍구',21,2,'2022-11-25 05:29:26'),(1517,72,'산타산타',10,2,'2022-11-25 05:29:40'),(1518,72,'산타산타',50,2,'2022-11-25 05:30:08'),(1519,72,'산타산타',7,2,'2022-11-25 05:30:18'),(1520,72,'산타산타',18,2,'2022-11-25 05:30:27'),(1521,72,'산타산타',3,2,'2022-11-25 05:30:28'),(1522,72,'산타산타',11,2,'2022-11-25 05:30:32'),(1523,72,'산타산타',1,2,'2022-11-25 05:30:32'),(1524,72,'산타산타',1,2,'2022-11-25 05:30:34'),(1525,72,'산타산타',24,2,'2022-11-25 05:30:42'),(1526,72,'산타산타',26,2,'2022-11-25 05:30:56'),(1527,107,'리밍밍구',34,1,'2022-11-25 05:37:56'),(1528,107,'리밍밍구',11,2,'2022-11-25 05:38:15'),(1529,107,'리밍밍구',1,2,'2022-11-25 05:38:18'),(1530,107,'리밍밍구',38,2,'2022-11-25 05:38:55'),(1531,107,'리밍밍구',27,1,'2022-11-25 05:40:24'),(1532,107,'리밍밍구',13,1,'2022-11-25 05:40:44'),(1533,107,'리밍밍구',0,1,'2022-11-25 05:40:51'),(1534,107,'리밍밍구',22,1,'2022-11-25 05:41:24');
/*!40000 ALTER TABLE `minigame` ENABLE KEYS */;
UNLOCK TABLES;

--
-- Table structure for table `quest`
--

DROP TABLE IF EXISTS `quest`;
/*!40101 SET @saved_cs_client     = @@character_set_client */;
/*!50503 SET character_set_client = utf8mb4 */;
CREATE TABLE `quest` (
  `quest_id` bigint NOT NULL AUTO_INCREMENT,
  `quest_chapter` int NOT NULL,
  `quest_checkpoint` int NOT NULL,
  `quest_title` varchar(100) NOT NULL,
  `quest_sub` varchar(100) NOT NULL,
  `quest_npc` int NOT NULL,
  PRIMARY KEY (`quest_id`)
) ENGINE=InnoDB AUTO_INCREMENT=29 DEFAULT CHARSET=utf8mb3;
/*!40101 SET character_set_client = @saved_cs_client */;

--
-- Dumping data for table `quest`
--

LOCK TABLES `quest` WRITE;
/*!40000 ALTER TABLE `quest` DISABLE KEYS */;
INSERT INTO `quest` VALUES (1,0,0,'Ep0. 첫 출근!','루돌프에게 말 걸기',0),(2,1,0,'Ep1. 복장은 개성있게!','프랜서에게 말 걸기',1),(3,1,1,'Ep1. 복장은 개성있게!','옷 갈아입기',1),(4,1,2,'Ep1. 복장은 개성있게!','프랜서에게 돌아가기',1),(5,2,0,'Ep2. 내 동료가 돼라!','블리즌에게 말 걸기',2),(6,2,1,'Ep2. 내 동료가 돼라!','펫 분양받기',2),(7,2,2,'Ep2. 내 동료가 돼라!','프랜서에게 돌아가기',2),(8,3,0,'Ep3. 오늘의 운세','도너에게 말 걸기',3),(9,3,1,'Ep3. 오늘의 운세','오늘의 운세 확인하기',3),(10,3,2,'Ep3. 오늘의 운세','도너에게 돌아가기',3),(11,4,0,'Ep4. 산타차 뽑았다 널 데리러가~','빅슨에게 말 걸기',4),(12,4,1,'Ep4. 산타차 뽑았다 널 데리러가~','나무 구해오기',4),(13,4,2,'Ep4. 산타차 뽑았다 널 데리러가~','썰매 재료 구해오기',4),(14,5,0,'Ep5. 씰Look 씰Look','큐피드에게 말 걸기',5),(15,5,1,'Ep5. 씰Look 씰Look','크리스마스 씰 뽑기',5),(16,5,2,'Ep5. 씰Look 씰Look','큐피드에게 돌아가기',5),(17,6,0,'Ep6. 방구석 1열','코멧에게 말 걸기',6),(18,6,1,'Ep6. 방구석 1열','영화 추천 받기',6),(19,6,2,'Ep6. 방구석 1열','코멧에게 돌아가기',6),(20,7,0,'Ep7. 야근은 괴로워','대셔에게 말 걸기',7),(21,7,1,'Ep7. 야근은 괴로워','미니 게임 - 선물 쌓기',7),(22,7,2,'Ep7. 야근은 괴로워','미니 게임 - 길건너 눈사람',7),(23,7,3,'Ep7. 야근은 괴로워','대셔에게 돌아가기',7),(24,8,0,'Ep8. ★산타네컷★','댄서에게 말 걸기',8),(25,8,1,'Ep8. ★산타네컷★','산타네컷 촬영하기',8),(26,8,2,'Ep8. ★산타네컷★','댄서에게 돌아가기',8),(27,9,0,'Ep9. 드디어 정규직!','루돌프에게 말 걸기',0),(28,10,0,'스토리 완료','인턴산타만의 다양한 컨텐츠를 즐겨보세요!',0);
/*!40000 ALTER TABLE `quest` ENABLE KEYS */;
UNLOCK TABLES;

--
-- Table structure for table `quest_script`
--

DROP TABLE IF EXISTS `quest_script`;
/*!40101 SET @saved_cs_client     = @@character_set_client */;
/*!50503 SET character_set_client = utf8mb4 */;
CREATE TABLE `quest_script` (
  `quest_script_id` bigint NOT NULL AUTO_INCREMENT,
  `quest_id` bigint DEFAULT NULL,
  `quest_script_txt` varchar(500) NOT NULL,
  PRIMARY KEY (`quest_script_id`),
  KEY `FK8u112blxiw5w6nniytojqknjg` (`quest_id`),
  CONSTRAINT `FK8u112blxiw5w6nniytojqknjg` FOREIGN KEY (`quest_id`) REFERENCES `quest` (`quest_id`)
) ENGINE=InnoDB AUTO_INCREMENT=29 DEFAULT CHARSET=utf8mb3;
/*!40101 SET character_set_client = @saved_cs_client */;

--
-- Dumping data for table `quest_script`
--

LOCK TABLES `quest_script` WRITE;
/*!40000 ALTER TABLE `quest_script` DISABLE KEYS */;
INSERT INTO `quest_script` VALUES (1,1,'안녕 너가 새로온 인턴이구나? 나는 인사팀장 루돌프야.,산타 정직원이 되기 위해선 순록 여덟 마리를 설득해서 너랑 같이 일할 수 있게 해야 해.,너가 순록들 부탁을 하나씩 들어주면 너의 편이 될거야.,순록들이 처음엔 조금 쌀쌀맞을 수는 있지만 속은 다 착한 애들이야.,미션들도 그렇게 어렵진 않으니까 걱정은 하지말라구^^,12월 24일까지 꼭 미션을 수행해서 정식 산타가 될 수 있길 바라!'),(2,2,'뭐야 너 새로 온 인턴이냐?,흠… 근데 너 옷이 그게 뭐야!,나랑 같이 일하고 싶으면 새로운 옷으로 갈아입고 와!,옷 가게에 가면 너가 만들고 싶은 옷을 만들 수 있어.'),(3,3,'어서 새로운 옷으로 갈아입고 와!'),(4,4,'이제야 조금 봐줄만 하네. 그래 너랑 같이 일하도록 할게!,나머지 순록들도 꼭 데려오고! 25일에 만나자고!'),(5,5,'복장이 말끔하다 인턴! 하하하하! 마음에 들었다!,하지만 마음에 안 들어! 산타를 지망하는 녀석이 혼자 쫄랑쫄랑 다니고 있느냐!,동물에게 사랑 받는 자만 산타가 될 자격이 있다! 자! 가서 너를 따르는 펫 한 마리를 데려오너라!,기왕이면 네 얼굴하고 똑같이 생긴 녀석이 좋겠군! 하하하하!'),(6,6,'아직도 데려오지 못한게야? 얼른 다녀오라고!!'),(7,7,'아주 똑닮은 녀석을 데려왔구나! 잘했다!,나도 너와 함께 일을 하고 싶어졌다!,이제 다음 순록을 찾으러 가거라!'),(8,8,'지금까지… 많은 산타를 봐 왔지…,오랫동안 이 일을 하고… 그야말로 산타 할아버지가 될 때까지 일한 녀석도 있지만…,썰매는 위험해… 은퇴한 녀석도… 있지…,후후후… 네 운을 시험해 보겠어…? 캐롤존 벽난로에 가면… 네 운을 시험할 수 있어…'),(9,9,'어서 너의 운을 시험해봐…'),(10,10,'적절한 운세를 받았나?,만족하는 표정이군… 너의 표정이 내 마음을 움직였다…,너와 함께 일하도록 하지… 준비하고 있겠다…'),(11,11,'썰매가 부서졌어. 인턴한테 줄 썰매는 없어. 네가 만들어 와.,만들기 싫어? 내가 왜 만들어야 하냐고? 그럼 만들지 마. 근데 크리스마스 날 뭐 타고 나갈 건 있어?,내 특별히 인턴이니까 재료를 가져오면 썰매 만드는법은 알려주도록 하지.'),(12,12,'뭐야? 아직도 재료를 다 안가지고 온거야? 느려 터졌네.'),(13,13,'왜 이렇게 늦게 와? 기다리다 목 빠지는 줄 알았네.,좋은 재료가 좋은 썰매를 만든다! 이 재료로 만든 썰매를 끌어보고싶군. 특별히 같이 일해주도록 하지. 25일에 보자 인턴.'),(14,14,'꺄아아아앙 너가 새로 온 인턴이구낭?! >< 어머어머 너무 귀엽게 생겼다!ㅎㅎ,우리 마을에 너처럼 귀여운 크리스마스 씰이 있는데.. 알고 있었어??,어머어머 몰랐다구!??!! 그렇다면 상점에 있는 뽑기 기계에서 씰을 뽑아봐! 아주아주 마음에 들걸?!ㅎㅎ,모든 씰을 다 모으면 선물에 응모할 수 있는 티켓이 생긴다는데?!?!?!! 한번해봐!! 꺄항항'),(15,15,'꺄아아아앙! 너무너무 귀여운 씰~~~!!! 얼른 얼른 뽑아봐!!!'),(16,16,'어때 어때?!?! 너무 귀엽지?!??!!>< 꼭 모든 씰을 다 모아봐!!ㅎㅎ,난 처음부터 너가 너무 마음에 들었어!!! 우리 앞으로 같이 잘 해보자!!'),(17,17,'바쁘다 바빠… 응? 뭐가 바쁘냐고? 도와주겠다고?,내가 저번에 본 영화가 너무 재밌어서 비슷한 영화를 찾아서 보고 싶은데, 아무리 찾아도 포스터만 봐서는 잘 모르겠단 말이야.,이대로는 일하러 가지도 않고 계속 영화만 찾고 있을 것 같아. 네가 재밌는 영화 추천해 줘!'),(18,18,'이 영화는 과연 재밌을까..? 영화 고르는게 제일 어려워..'),(19,19,'어머! 너무 재밌어보이는 영화잖아? 일하러 가기 전에 다봐야겠어!,난 이제 영화를 보러 갈게! 25일에 봐!'),(20,20,'— (선물을 정리하며 과로에 시달리던 순록),왜 이렇게 늦게 와... 헉헉…벌써 해가 저물었어. 이대로 가다간 자정이 돼도 출발을 못할 거야., 시작부터 지연이 되면 우리는 끝장이다! 25일 아침에 아이들이 선물을 못 받게 되면 파산하고 말 거야…!,여기 선물 상자들을 최대한 높게 쌓아. 낮게 쌓으면 들어갈 자리가 없어!!,쌓고 나서 선물을 길 건너편으로 옮겨야 해!! 얼른 서둘러!'),(21,21,'얼른 선물을 쌓아!! 시간이 없어!!'),(22,22,'어서 선물을 길 건너편으로 옮겨!! 거의 다했어!!'),(23,23,'휴… 덕분에 시간 안에 다 끝낼 수 있었어. 내일도 같이 힘내보자!'),(24,24,'이제 어엿한 산타의 태가 나는걸?,첫 크리스마스 임무를 받고 출발하기 전 사진 촬영을 하는 것이 산타의 전통이야!,너도 멋지게 사진 한 장 찍어봐!'),(25,25,'찰칵! 찰칵! 멋진 사진을 찍어봐!'),(26,26,'사진 정말 잘나왔다! 이 사진은 평생 간직해야 해! 그럼 25일에 보자!'),(27,27,'오호...모든 순록들의 마음을 사로잡았다니...대단한걸?,쉽지 않은 일이었을텐데 아주 수고 많았다 인턴!,아 아니지...이제 인턴이 아니고 정식 산타가 됐잖아! 축하한다!,그럼 크리스마스 날까지 우리 마을에서 편한 시간 보내면서 같이 놀아보자고! 하하하!'),(28,28,'인턴산타의 모든 스토리를 완료했어요!,인턴산타만의 재미있는 컨텐츠를 즐겨보세요!');
/*!40000 ALTER TABLE `quest_script` ENABLE KEYS */;
UNLOCK TABLES;

--
-- Table structure for table `refresh_token`
--

DROP TABLE IF EXISTS `refresh_token`;
/*!40101 SET @saved_cs_client     = @@character_set_client */;
/*!50503 SET character_set_client = utf8mb4 */;
CREATE TABLE `refresh_token` (
  `refresh_token_id` bigint NOT NULL AUTO_INCREMENT,
  `refresh_token` varchar(500) DEFAULT NULL,
  `member_id` bigint DEFAULT NULL,
  PRIMARY KEY (`refresh_token_id`),
  KEY `FK5gdbafb2i76hk1ai18ah6an4w` (`member_id`),
  CONSTRAINT `FK5gdbafb2i76hk1ai18ah6an4w` FOREIGN KEY (`member_id`) REFERENCES `member` (`member_id`)
) ENGINE=InnoDB AUTO_INCREMENT=108 DEFAULT CHARSET=utf8mb3;
/*!40101 SET character_set_client = @saved_cs_client */;

--
-- Dumping data for table `refresh_token`
--

LOCK TABLES `refresh_token` WRITE;
/*!40000 ALTER TABLE `refresh_token` DISABLE KEYS */;
INSERT INTO `refresh_token` VALUES (1,'eyJ0eXAiOiJKV1QiLCJhbGciOiJIUzUxMiJ9.eyJzdWIiOiJ5YW5na3Nrc0BnbWFpbC5jb20iLCJpc3MiOiJzc2FmeS5jb20iLCJleHAiOjE2Njk5MzgxNzYsImlhdCI6MTY2OTMzMzM3NiwibWVtYmVyRW1haWwiOiJ5YW5na3Nrc0BnbWFpbC5jb20ifQ.7rUeYRzS2jTqe0TF1F8IRHl6U9otXiRdVZ5f8EfpVoWU7U7hLMNd_s4EYuS4Dh8pqV2mFtgkZ9tcvHKoUrWAdA',1),(2,'eyJ0eXAiOiJKV1QiLCJhbGciOiJIUzUxMiJ9.eyJzdWIiOiJtaW5vIiwiaXNzIjoic3NhZnkuY29tIiwiZXhwIjoxNjY5OTQ4MzQxLCJpYXQiOjE2NjkzNDM1NDEsIm1lbWJlckVtYWlsIjoibWlubyJ9.KKkg50te9DiFHlND36ltFFBj0PdwO6XDsaVkHGDq70jI1x_whWZQNkXHdb1MKb7a4_AFo1ItzWk-HexzuqOR9A',2),(3,'eyJ0eXAiOiJKV1QiLCJhbGciOiJIUzUxMiJ9.eyJzdWIiOiJzeW9uZzA3MTZAbmF2ZXIuY29tIiwiaXNzIjoic3NhZnkuY29tIiwiZXhwIjoxNjY5ODgxODY1LCJpYXQiOjE2NjkyNzcwNjUsIm1lbWJlckVtYWlsIjoic3lvbmcwNzE2QG5hdmVyLmNvbSJ9.kl1wgciQMNjEfF21Ufaf1W9pICOdAKK5Xhp3gyqNzAlMas_Iaad9gx6dKDf3iOinsxdlH6gajdzg1iE9RPOSTQ',3),(4,'eyJ0eXAiOiJKV1QiLCJhbGciOiJIUzUxMiJ9.eyJzdWIiOiJ3b25qaDA3QG5hdmVyLmNvbSIsImlzcyI6InNzYWZ5LmNvbSIsImV4cCI6MTY2OTU5ODY3NCwiaWF0IjoxNjY4OTkzODc0LCJtZW1iZXJFbWFpbCI6IndvbmpoMDdAbmF2ZXIuY29tIn0.wKDYKTtzjGSJjsJJ26_bi0e2C3Jl61BHVHLHPMVYKHywzJNrQzXQ34hnJSKU1DxkYpW6L03mi2U2JGqTh9UTbA',4),(5,'eyJ0eXAiOiJKV1QiLCJhbGciOiJIUzUxMiJ9.eyJzdWIiOiJhc2RmQG5hdmVyLmNvbSIsImlzcyI6InNzYWZ5LmNvbSIsImV4cCI6MTY2OTg3ODI2MiwiaWF0IjoxNjY5MjczNDYyLCJtZW1iZXJFbWFpbCI6ImFzZGZAbmF2ZXIuY29tIn0.4lydJBsuQ5GqtMJEEWfhNMb3iKeGe11XacAAj0LnYGjgoTyYAzgYBGiTEtVDHZH0QZipZ00DvMsTY2qsZPK9ow',5),(6,'eyJ0eXAiOiJKV1QiLCJhbGciOiJIUzUxMiJ9.eyJzdWIiOiJtc21zQG5hdmVyLmNvbSIsImlzcyI6InNzYWZ5LmNvbSIsImV4cCI6MTY2OTkzNzk5OCwiaWF0IjoxNjY5MzMzMTk4LCJtZW1iZXJFbWFpbCI6Im1zbXNAbmF2ZXIuY29tIn0.izuE0Qf_vTRvSgfL2g4nVt8-HGbfzk6ER3alJwYdBXWhvYFCOxQOOMGEI4B-LFmOXXF4XEHIJBEyKwAYmzaH5A',6),(7,'eyJ0eXAiOiJKV1QiLCJhbGciOiJIUzUxMiJ9.eyJzdWIiOiJ0ZXN0QG5hdmVyLmNvbSIsImlzcyI6InNzYWZ5LmNvbSIsImV4cCI6MTY2ODUyNjYwNywiaWF0IjoxNjY3OTIxODA3LCJtZW1iZXJFbWFpbCI6InRlc3RAbmF2ZXIuY29tIn0.podmdl-9RFqGTnkvWROyiiq5OAUDvqXGboOv0fbGVsspaoAz-KMvUslQzOQL74xNMt1iN31CgIOqx7skNZTihg',7),(8,'eyJ0eXAiOiJKV1QiLCJhbGciOiJIUzUxMiJ9.eyJzdWIiOiJhYWFAbmF2ZXIuY29tIiwiaXNzIjoic3NhZnkuY29tIiwiZXhwIjoxNjY5ODk5OTQxLCJpYXQiOjE2NjkyOTUxNDEsIm1lbWJlckVtYWlsIjoiYWFhQG5hdmVyLmNvbSJ9.r2a1ChCdccCritzxQ2V24FxnLyvzOrAokcXWo3cDjqZ-qw2Dyg0DQWpgRM62Pckl7lcvRDp8o-mzRfR3JCMdGg',8),(9,'eyJ0eXAiOiJKV1QiLCJhbGciOiJIUzUxMiJ9.eyJzdWIiOiJhcGl0ZXN0QHRlc3QuY29tIiwiaXNzIjoic3NhZnkuY29tIiwiZXhwIjoxNjY4NTY1MjA3LCJpYXQiOjE2Njc5NjA0MDcsIm1lbWJlckVtYWlsIjoiYXBpdGVzdEB0ZXN0LmNvbSJ9.1nSM-Zj9O-XnQc8Bd8m28tQv_b0HlLiJzH-_mjSHLFGFEyNUAIr_-wgyONgj4gkMuJnH2dAYyUPq7AKGK3qxaA',9),(10,'eyJ0eXAiOiJKV1QiLCJhbGciOiJIUzUxMiJ9.eyJzdWIiOiJhcGl0ZXN0MkB0ZXN0LmNvbSIsImlzcyI6InNzYWZ5LmNvbSIsImV4cCI6MTY2ODU2NDc0MywiaWF0IjoxNjY3OTU5OTQzLCJtZW1iZXJFbWFpbCI6ImFwaXRlc3QyQHRlc3QuY29tIn0.Tz0yzwc6xWX7vloo7kZWm85SqUSua_l1o-4aM4waVyRL8tXC_wvDS0mjyGPI92KB9g3wLf4l_nU5BcVz01jlnw',10),(11,'eyJ0eXAiOiJKV1QiLCJhbGciOiJIUzUxMiJ9.eyJzdWIiOiJuQGcuY29tIiwiaXNzIjoic3NhZnkuY29tIiwiZXhwIjoxNjY5NjE5NDA4LCJpYXQiOjE2NjkwMTQ2MDgsIm1lbWJlckVtYWlsIjoibkBnLmNvbSJ9.54ccHXx-czTLjg7Bq2iVM1x9nWwjNMV2sVqGQlC5RxmUyAM4662k_rN3C9x5fCJAyAC_XO5UgnUN1gTh19djjQ',11),(12,'eyJ0eXAiOiJKV1QiLCJhbGciOiJIUzUxMiJ9.eyJzdWIiOiJkZXYuZHVrZ3VAa2FrYW8uY29tIiwiaXNzIjoic3NhZnkuY29tIiwiZXhwIjoxNjY5ODc3ODMxLCJpYXQiOjE2NjkyNzMwMzEsIm1lbWJlckVtYWlsIjoiZGV2LmR1a2d1QGtha2FvLmNvbSJ9.WkOynWMzhp4t4tbFfLdJKJY8iz7xVAELzHsuyQSjPFOgD0mFbma5XlzQe0G0CDpoJAYRt68Ay3kK4tdhWwCD0A',12),(13,'eyJ0eXAiOiJKV1QiLCJhbGciOiJIUzUxMiJ9.eyJzdWIiOiIxMjNAYXNkLmNvbSIsImlzcyI6InNzYWZ5LmNvbSIsImV4cCI6MTY2OTEwMDIwOCwiaWF0IjoxNjY4NDk1NDA4LCJtZW1iZXJFbWFpbCI6IjEyM0Bhc2QuY29tIn0.xJhywGtQ2KW-ucSSU_enE1VUEuFFasQi_wbVgBVgqwU1YEZC_lirqLKcrNcAmg7IjG9eYjrD9RaHCRCDmtrctg',13),(14,'eyJ0eXAiOiJKV1QiLCJhbGciOiJIUzUxMiJ9.eyJzdWIiOiJ0ZXN0MTIzNEB0ZXN0LmNvbSIsImlzcyI6InNzYWZ5LmNvbSIsImV4cCI6MTY2OTE2MDY5NiwiaWF0IjoxNjY4NTU1ODk2LCJtZW1iZXJFbWFpbCI6InRlc3QxMjM0QHRlc3QuY29tIn0.ubdtnxYQJnZXKvTkN3lK64-zZzAZwlr5RoiuQXnfe9wl6sIs-hJn_dmQsN1FEtUV3P0ewvxn_04R62tEFrGh8w',14),(15,'eyJ0eXAiOiJKV1QiLCJhbGciOiJIUzUxMiJ9.eyJzdWIiOiJreXVAbmF2ZXIuY29tIiwiaXNzIjoic3NhZnkuY29tIiwiZXhwIjoxNjY5MTg4MDU3LCJpYXQiOjE2Njg1ODMyNTcsIm1lbWJlckVtYWlsIjoia3l1QG5hdmVyLmNvbSJ9.ECMxnk_RAaQQNiNqBGrvYBt0am8Y4nkZ8TU8geppvzN1dKeJ30xzBtAklo-rf01xHgefI2O6yT92k_jbYvEezQ',15),(16,'eyJ0eXAiOiJKV1QiLCJhbGciOiJIUzUxMiJ9.eyJzdWIiOiJra19zdDFAbmF2ZXIuY29tIiwiaXNzIjoic3NhZnkuY29tIiwiZXhwIjoxNjY5MjEwMDg5LCJpYXQiOjE2Njg2MDUyODksIm1lbWJlckVtYWlsIjoia2tfc3QxQG5hdmVyLmNvbSJ9.iDV-tdxiBIAIwVKwrL-TV4ztTrTMyALbqGu40VbIgxl3KkDitnZdJ0hsPhyz3jiOpUdhZ_hMMedy6sNOH1gMlw',16),(17,'eyJ0eXAiOiJKV1QiLCJhbGciOiJIUzUxMiJ9.eyJzdWIiOiJhc2RAYXNkLmFzZCIsImlzcyI6InNzYWZ5LmNvbSIsImV4cCI6MTY2OTI1NDQ1MCwiaWF0IjoxNjY4NjQ5NjUwLCJtZW1iZXJFbWFpbCI6ImFzZEBhc2QuYXNkIn0.L0LENxj7Kn23YVOz-BIdcOapanXUYk4Nr1RM4pInD3gNld9dS8QECMxvQH2H_WMvNHabbacZp0zq8mX4H5NzJg',17),(18,'eyJ0eXAiOiJKV1QiLCJhbGciOiJIUzUxMiJ9.eyJzdWIiOiJzc2FmeUBzc2FmeS5jb20iLCJpc3MiOiJzc2FmeS5jb20iLCJleHAiOjE2Njk4NzU5ODEsImlhdCI6MTY2OTI3MTE4MSwibWVtYmVyRW1haWwiOiJzc2FmeUBzc2FmeS5jb20ifQ.mab9Zym-kKEexKX44LeYjCyGBj2jj5MZsvsCEcIuidL8-LE3TZ_DO-UyBUwpOZ5c_Fl_IlNKdiULHe6wq100Xw',18),(19,'eyJ0eXAiOiJKV1QiLCJhbGciOiJIUzUxMiJ9.eyJzdWIiOiJhYWFAYWFhLmNvbSIsImlzcyI6InNzYWZ5LmNvbSIsImV4cCI6MTY2OTI2ODAxMiwiaWF0IjoxNjY4NjYzMjEyLCJtZW1iZXJFbWFpbCI6ImFhYUBhYWEuY29tIn0.HhnVupcKEWlZTe0NLCma4jkhPkHQM1xrH_Fi3OZP2vT7MZSkbJz2qfYBO0Ys00hP1C_CKCttuHPXlwaap9cRHQ',19),(20,'eyJ0eXAiOiJKV1QiLCJhbGciOiJIUzUxMiJ9.eyJzdWIiOiJqaXd3QGVmdy5hIiwiaXNzIjoic3NhZnkuY29tIiwiZXhwIjoxNjY5MjY4Mjg1LCJpYXQiOjE2Njg2NjM0ODUsIm1lbWJlckVtYWlsIjoiaml3d0BlZncuYSJ9.M1fJJyffoSURv7DFeQRy1CjlCaEp4qxaWx7xYoBM4Tqo7mvECq5NCPFyz6-Gb4OQmPNH-9xEgR-MUqP922NnQw',20),(21,'eyJ0eXAiOiJKV1QiLCJhbGciOiJIUzUxMiJ9.eyJzdWIiOiJjb25zdWx0YW50QHNzYWZ5LmNvbSIsImlzcyI6InNzYWZ5LmNvbSIsImV4cCI6MTY2OTI3MDAzMCwiaWF0IjoxNjY4NjY1MjMwLCJtZW1iZXJFbWFpbCI6ImNvbnN1bHRhbnRAc3NhZnkuY29tIn0.HKAAp2hubJmlQDk_MdUxd8rT1DJZh_Cc5Q3bKVry0qMxykFSPfgLV6gVXYaZtk6w4AGFUPfVXLrJvJtAZ8OOmw',21),(22,'eyJ0eXAiOiJKV1QiLCJhbGciOiJIUzUxMiJ9.eyJzdWIiOiJhYWFhQG5hdmVyLmNvbSIsImlzcyI6InNzYWZ5LmNvbSIsImV4cCI6MTY2OTI3MDMyNCwiaWF0IjoxNjY4NjY1NTI0LCJtZW1iZXJFbWFpbCI6ImFhYWFAbmF2ZXIuY29tIn0.Oss532pwNvOQWMuO_wIoqkYO9H6s01cN3ax9FW3ZnPxnUUJrvy5ZEtSi0c0GpjJgklmy0kmvprQxWwV6kupqow',22),(23,'eyJ0eXAiOiJKV1QiLCJhbGciOiJIUzUxMiJ9.eyJzdWIiOiJnZ2dAbmF2ZXIuY29tIiwiaXNzIjoic3NhZnkuY29tIiwiZXhwIjoxNjY5Mjc1ODExLCJpYXQiOjE2Njg2NzEwMTEsIm1lbWJlckVtYWlsIjoiZ2dnQG5hdmVyLmNvbSJ9.RScLbOwTGdcjVaYz0B6DaIXvx5fwjiKb5Mlcg8rZqFTdisZLgQHT0DbkWXyF1j1T5Y4aD6qfvVKpQZmHB_Vr4g',23),(24,'eyJ0eXAiOiJKV1QiLCJhbGciOiJIUzUxMiJ9.eyJzdWIiOiJ0ZXN0QHNzYWZ5LmNvbSIsImlzcyI6InNzYWZ5LmNvbSIsImV4cCI6MTY2OTg3NjQ3NCwiaWF0IjoxNjY5MjcxNjc0LCJtZW1iZXJFbWFpbCI6InRlc3RAc3NhZnkuY29tIn0.GtbeUBkZmnka1Y4L3QofuaBW0RZOp-i0jglsvutUMCUiYBCh1ynq4FJ58J7F7kNTVIIR4Heg9zg9lW8mbWWueg',24),(25,'eyJ0eXAiOiJKV1QiLCJhbGciOiJIUzUxMiJ9.eyJzdWIiOiJhYWFAYWFhLmFhYSIsImlzcyI6InNzYWZ5LmNvbSIsImV4cCI6MTY2OTM1OTMxMCwiaWF0IjoxNjY4NzU0NTEwLCJtZW1iZXJFbWFpbCI6ImFhYUBhYWEuYWFhIn0.AoJAzZVjWOQJcpY4UN5gAmRZbTwmwhBHghmKjRzJjxgGYQPGeIrbWxVEIwj2pm2rQBY5WMvv7ph8_uGZoZpCuA',25),(26,'eyJ0eXAiOiJKV1QiLCJhbGciOiJIUzUxMiJ9.eyJzdWIiOiJ3bnNndWRkbDkyQG5hdmVyLmNvbSIsImlzcyI6InNzYWZ5LmNvbSIsImV4cCI6MTY2OTQ3MzA4OCwiaWF0IjoxNjY4ODY4Mjg4LCJtZW1iZXJFbWFpbCI6Induc2d1ZGRsOTJAbmF2ZXIuY29tIn0.rCj4k8vawKGdR6yG5Ljr05rS0dG6lr4qEHMwjJ6KHvTkXwXsZSIk_Lm74GoEkyw91PgTeqQOQwlUet9BQ_d9ag',26),(27,'eyJ0eXAiOiJKV1QiLCJhbGciOiJIUzUxMiJ9.eyJzdWIiOiJnZ0BnZy5jb20iLCJpc3MiOiJzc2FmeS5jb20iLCJleHAiOjE2Njk1MTYwMTYsImlhdCI6MTY2ODkxMTIxNiwibWVtYmVyRW1haWwiOiJnZ0BnZy5jb20ifQ.wlqfFSePUEkU3lzabwoURDx743eqbz7okL5zIyXX08QmmcJ35NQdMLokDm4Ux8Z9JZ9l2El3LVWpGkhAyHLrJw',27),(28,'eyJ0eXAiOiJKV1QiLCJhbGciOiJIUzUxMiJ9.eyJzdWIiOiJnZ2dnQGdnLmNvbSIsImlzcyI6InNzYWZ5LmNvbSIsImV4cCI6MTY2OTUxNjA5MCwiaWF0IjoxNjY4OTExMjkwLCJtZW1iZXJFbWFpbCI6ImdnZ2dAZ2cuY29tIn0.OJH4iQ1jGOtiRnttPDNbXvhWN4LKnueAytWoyh1tvuAhC5FDdA1njSuV6e0EyXtqDRjySWJfTI1W_bOLCSOuZA',28),(29,'eyJ0eXAiOiJKV1QiLCJhbGciOiJIUzUxMiJ9.eyJzdWIiOiJzYW50YUBuYXZlci5jb20iLCJpc3MiOiJzc2FmeS5jb20iLCJleHAiOjE2Njk1MTgyMzgsImlhdCI6MTY2ODkxMzQzOCwibWVtYmVyRW1haWwiOiJzYW50YUBuYXZlci5jb20ifQ.JXgs1dqKjWLAXvEinBxxJzM0SAiGA8p3hChrZ4g6t55oKuOPu-R9ze7qgXBF9jMRhGW1olZEUbaARZRkXtJhGQ',29),(30,'eyJ0eXAiOiJKV1QiLCJhbGciOiJIUzUxMiJ9.eyJzdWIiOiJ0dEB0dC5jb20iLCJpc3MiOiJzc2FmeS5jb20iLCJleHAiOjE2Njk1MjY4NjEsImlhdCI6MTY2ODkyMjA2MSwibWVtYmVyRW1haWwiOiJ0dEB0dC5jb20ifQ.YgPIFsaAC-vseclXDd9zQ0Qbuq3rvQ5yHDsAMh6MMImlb-0RQOBa7nxeSXWxY7tTWrElk6oSN4WNq10hFT6XEA',30),(31,'eyJ0eXAiOiJKV1QiLCJhbGciOiJIUzUxMiJ9.eyJzdWIiOiJ0QHQuY29tIiwiaXNzIjoic3NhZnkuY29tIiwiZXhwIjoxNjY5NTk2MzQyLCJpYXQiOjE2Njg5OTE1NDIsIm1lbWJlckVtYWlsIjoidEB0LmNvbSJ9.d7u1V64vEMx4b1Q1C4fc-EW1exesbRe4KE1DwrEjgCNzVDWqj6nXmI4tvVWUSE28Pk9fU7UA6zVrxNI0xKMdNA',31),(32,'eyJ0eXAiOiJKV1QiLCJhbGciOiJIUzUxMiJ9.eyJzdWIiOiJkYW5uYmExQG5hdmVyLmNvbSIsImlzcyI6InNzYWZ5LmNvbSIsImV4cCI6MTY2OTUzODY4NiwiaWF0IjoxNjY4OTMzODg2LCJtZW1iZXJFbWFpbCI6ImRhbm5iYTFAbmF2ZXIuY29tIn0.N1oL1oDpQMXPGCjrlsVUJgUVSjhUHFu1XU0WCVzu6fYd6PLH5DWpom5g_5TTdWJc6LKjlzWUza3Ka-wwQw7xIw',32),(33,'eyJ0eXAiOiJKV1QiLCJhbGciOiJIUzUxMiJ9.eyJzdWIiOiJ3b25qaDA2QG5hdmVyLmNvIiwiaXNzIjoic3NhZnkuY29tIiwiZXhwIjoxNjY5ODc5MzIzLCJpYXQiOjE2NjkyNzQ1MjMsIm1lbWJlckVtYWlsIjoid29uamgwNkBuYXZlci5jbyJ9.DxsolqaZ3rH8fw7YOquTDv5onV41jeTJ5LNSU8psbTCjUrhSjflcS87bB01hyWyHKgZsac2ygsIgyJ_pa--6AA',33),(34,'eyJ0eXAiOiJKV1QiLCJhbGciOiJIUzUxMiJ9.eyJzdWIiOiIxMjMxMjNAbi5jb20iLCJpc3MiOiJzc2FmeS5jb20iLCJleHAiOjE2Njk5MDY1ODIsImlhdCI6MTY2OTMwMTc4MiwibWVtYmVyRW1haWwiOiIxMjMxMjNAbi5jb20ifQ.GQgRkzO2PxDu8dAmuFJinNsjHohoA1KnTwK4Wt2AnzdUpmnkUhk4wRDcZ1nQ_EgaEN7wZvQQKbUqI7c62Eaqkw',34),(35,'eyJ0eXAiOiJKV1QiLCJhbGciOiJIUzUxMiJ9.eyJzdWIiOiJnajMwMzRAbmF2ZXIuY29tIiwiaXNzIjoic3NhZnkuY29tIiwiZXhwIjoxNjY5NTYxMzc3LCJpYXQiOjE2Njg5NTY1NzcsIm1lbWJlckVtYWlsIjoiZ2ozMDM0QG5hdmVyLmNvbSJ9.wGH2onuFX_lCi4YlOsWgbapRonJCH0S388_kVhklY3xgVbxmERnRUcLNJUit-NQseeHARaD9MrDzwXHUEKGa7Q',35),(36,'eyJ0eXAiOiJKV1QiLCJhbGciOiJIUzUxMiJ9.eyJzdWIiOiJkbHNjanM4NjQ2QGdtYWlsLmNvbSIsImlzcyI6InNzYWZ5LmNvbSIsImV4cCI6MTY2OTU2MzIxMywiaWF0IjoxNjY4OTU4NDEzLCJtZW1iZXJFbWFpbCI6ImRsc2Nqczg2NDZAZ21haWwuY29tIn0.WdQ3f8q7EusFMpqKzOMLyT71Ezn0Si_2vMyE4ZdoNseYhcCHDzGinAgBwb89M76NsCWowlc8y05C9Wns4H7ngQ',36),(37,'eyJ0eXAiOiJKV1QiLCJhbGciOiJIUzUxMiJ9.eyJzdWIiOiJsaGs5MjRAZ21haWwuY29tIiwiaXNzIjoic3NhZnkuY29tIiwiZXhwIjoxNjY5NTYzNDc5LCJpYXQiOjE2Njg5NTg2NzksIm1lbWJlckVtYWlsIjoibGhrOTI0QGdtYWlsLmNvbSJ9.TUsDBtzTPGlQl6rmOIlnQg95h-g1PKW5sNZip44b9ip5njsWlhlQPpTU71BS3gB0d5r904cTFdPMnenuKe2u9g',37),(38,'eyJ0eXAiOiJKV1QiLCJhbGciOiJIUzUxMiJ9.eyJzdWIiOiJqb25nc3VuMTk5M0BnbWFpbC5jb20iLCJpc3MiOiJzc2FmeS5jb20iLCJleHAiOjE2Njk1NjQwMDQsImlhdCI6MTY2ODk1OTIwNCwibWVtYmVyRW1haWwiOiJqb25nc3VuMTk5M0BnbWFpbC5jb20ifQ.ABCsLiu-xlr-ymmrGAHjp1Y2R8AVFmJCo5mAC6Gev5aZot74KlPr_bI7Nv_5DFC_IS0kAj_Akocn1dDJV7p3SQ',38),(39,'eyJ0eXAiOiJKV1QiLCJhbGciOiJIUzUxMiJ9.eyJzdWIiOiJ3aGl0ZXJpc2lAbmF2ZXIuY29tIiwiaXNzIjoic3NhZnkuY29tIiwiZXhwIjoxNjY5NjA1ODA1LCJpYXQiOjE2NjkwMDEwMDUsIm1lbWJlckVtYWlsIjoid2hpdGVyaXNpQG5hdmVyLmNvbSJ9.ygSw3cy3XEWOjdhrfdGeqNr-vkk2bDPEelC1wJERaUxHzSph1w0b3qswIAOdc9YgSwt3Oxfhly-qyoDHDAQriQ',39),(40,'eyJ0eXAiOiJKV1QiLCJhbGciOiJIUzUxMiJ9.eyJzdWIiOiJ2X3lvbmdqdW5fdkBuYXZlci5jb20iLCJpc3MiOiJzc2FmeS5jb20iLCJleHAiOjE2Njk1NjU2NDMsImlhdCI6MTY2ODk2MDg0MywibWVtYmVyRW1haWwiOiJ2X3lvbmdqdW5fdkBuYXZlci5jb20ifQ._2RRkH2QkgEC3vLvigPhcFSpzKA-NnZ8PUV5vK0kjIj5hFNmif2CDZkBfssKkx1ioLnGzumyxGceRK91wmp5cQ',40),(41,'eyJ0eXAiOiJKV1QiLCJhbGciOiJIUzUxMiJ9.eyJzdWIiOiJzc2FudGFAYWFhLmFhYSIsImlzcyI6InNzYWZ5LmNvbSIsImV4cCI6MTY2OTU3MDYwMiwiaWF0IjoxNjY4OTY1ODAyLCJtZW1iZXJFbWFpbCI6InNzYW50YUBhYWEuYWFhIn0.GI0p2yRmLdRuxHOPqWE1u5Vfpijt3ZafX9rZ_CAYGWRAw3RVxEBX0soEiO2ttHPlOFCNwijp6k_YIBhglVos9Q',41),(42,'eyJ0eXAiOiJKV1QiLCJhbGciOiJIUzUxMiJ9.eyJzdWIiOiJzc2FmeXNAc3NhZnkuY29tIiwiaXNzIjoic3NhZnkuY29tIiwiZXhwIjoxNjY5NTc2NDI0LCJpYXQiOjE2Njg5NzE2MjQsIm1lbWJlckVtYWlsIjoic3NhZnlzQHNzYWZ5LmNvbSJ9.EM_GqQyLICSnkbFdVDnhM_4dr9UyenKOKUd4kbykkaP1ak9E7tiaDfPCHnuZ7QjnhLnAuJ_HAFV5zYzg7E_xzg',42),(43,'eyJ0eXAiOiJKV1QiLCJhbGciOiJIUzUxMiJ9.eyJzdWIiOiJlaGRybXMxMjFAbmF2ZXIuY29tIiwiaXNzIjoic3NhZnkuY29tIiwiZXhwIjoxNjY5NTkzMzIwLCJpYXQiOjE2Njg5ODg1MjAsIm1lbWJlckVtYWlsIjoiZWhkcm1zMTIxQG5hdmVyLmNvbSJ9.ZeeVmKLT0D8IFhAwV7VdSMzIFCYzSfK33Xnkv--JiGUk0LT5l3CMM1lLXCE1ijJ3-iAyfZXW6bKNFTjleo7KcQ',43),(44,'eyJ0eXAiOiJKV1QiLCJhbGciOiJIUzUxMiJ9.eyJzdWIiOiJsZWppbnlvdW5nQG5hdmVyLmNvbSIsImlzcyI6InNzYWZ5LmNvbSIsImV4cCI6MTY2OTU5NTkxMiwiaWF0IjoxNjY4OTkxMTEyLCJtZW1iZXJFbWFpbCI6ImxlamlueW91bmdAbmF2ZXIuY29tIn0.kQjfF2D3zXaJm_koLYD-505tPbMD4ZZu1bXlRdUDJ8voApCEUi1lRxusk9Q5BLigALHcHPy36lJAkxMYLUnAYQ',44),(45,'eyJ0eXAiOiJKV1QiLCJhbGciOiJIUzUxMiJ9.eyJzdWIiOiJ4QHguY29tIiwiaXNzIjoic3NhZnkuY29tIiwiZXhwIjoxNjY5NTk2MjkyLCJpYXQiOjE2Njg5OTE0OTIsIm1lbWJlckVtYWlsIjoieEB4LmNvbSJ9.P6T-06OO4XlfzwPEJ7sdahbcS6Pl0beYX7nIYDS9Puq51yZ07GRsLC4R2yl9YuRuG1BQA6CdUOYRvi36jCQyUQ',45),(46,'eyJ0eXAiOiJKV1QiLCJhbGciOiJIUzUxMiJ9.eyJzdWIiOiJ0ZXN0MTIzNEBuYXZlci5jb20iLCJpc3MiOiJzc2FmeS5jb20iLCJleHAiOjE2Njk1OTc0MzIsImlhdCI6MTY2ODk5MjYzMiwibWVtYmVyRW1haWwiOiJ0ZXN0MTIzNEBuYXZlci5jb20ifQ.TOpIfv7Oqh6eE4pnv7HyQWhap9Be62Hv5FQ2HHlKnlDFH3OoHBv-NHq79uOinqG6kZCdvQn9lnhuFvB2n1a55w',46),(47,'eyJ0eXAiOiJKV1QiLCJhbGciOiJIUzUxMiJ9.eyJzdWIiOiJxd2VAcXdlLmNvbSIsImlzcyI6InNzYWZ5LmNvbSIsImV4cCI6MTY2OTU5ODA2NywiaWF0IjoxNjY4OTkzMjY3LCJtZW1iZXJFbWFpbCI6InF3ZUBxd2UuY29tIn0.Qfz8ohZzMG_aCUAqAGvSUARn2drrzKDkl22_pvPrSkHcghUqcTG6x17c-USamP6Sby5gt0Jvm55UXcfopz-nCg',47),(48,'eyJ0eXAiOiJKV1QiLCJhbGciOiJIUzUxMiJ9.eyJzdWIiOiJ0ZXN0MjIyMkBuYXZlci5jb20iLCJpc3MiOiJzc2FmeS5jb20iLCJleHAiOjE2Njk1OTg5NDgsImlhdCI6MTY2ODk5NDE0OCwibWVtYmVyRW1haWwiOiJ0ZXN0MjIyMkBuYXZlci5jb20ifQ.f-51l_5FNTrxmijAeeJmqVE02yQwp6gt8tsLoLKw-2GnR-u6UWOMtA1IFSlPrxCVllfgUfz2vlkUP7WvZVn7ZQ',48),(49,'eyJ0eXAiOiJKV1QiLCJhbGciOiJIUzUxMiJ9.eyJzdWIiOiJ3b25qaDA0QG5hdmVyLmNvbSIsImlzcyI6InNzYWZ5LmNvbSIsImV4cCI6MTY2OTYwNzY5MCwiaWF0IjoxNjY5MDAyODkwLCJtZW1iZXJFbWFpbCI6IndvbmpoMDRAbmF2ZXIuY29tIn0.5pQVS1W-y1Pgv8uAuTfL7yrhWyon5oVLQ8FnqXh_G1T82xWT8hiKg8ZOv4QzR-fBrfado6SI4xr4SD5IQEGqnA',49),(50,'eyJ0eXAiOiJKV1QiLCJhbGciOiJIUzUxMiJ9.eyJzdWIiOiJqb3k5NjgxN0BuYXZlci5jb20iLCJpc3MiOiJzc2FmeS5jb20iLCJleHAiOjE2Njk1OTk2MDQsImlhdCI6MTY2ODk5NDgwNCwibWVtYmVyRW1haWwiOiJqb3k5NjgxN0BuYXZlci5jb20ifQ.jet6H3D96R4NpZfnWrl-AGkA89OEMT8Kc04AETCJEVKKnob_XPqmjXGGZla8fjgmp_hB9IWxU-WTpmVMKXjl5g',50),(51,'eyJ0eXAiOiJKV1QiLCJhbGciOiJIUzUxMiJ9.eyJzdWIiOiJxb29rdHJlZUBuYXZlci5jb20iLCJpc3MiOiJzc2FmeS5jb20iLCJleHAiOjE2Njk1OTk2MzAsImlhdCI6MTY2ODk5NDgzMCwibWVtYmVyRW1haWwiOiJxb29rdHJlZUBuYXZlci5jb20ifQ.4j1hs6tJY1zL9kjyZfeMBm2Wdi5ys8zy-EqjAkY-Stdo3TN4qCoG1srMmcIhAQlD7vU5Q2ZijoDHrxeWmFsHSQ',51),(52,'eyJ0eXAiOiJKV1QiLCJhbGciOiJIUzUxMiJ9.eyJzdWIiOiJwcHBAbmF2ZXIuY29tIiwiaXNzIjoic3NhZnkuY29tIiwiZXhwIjoxNjY5NjAyNTI2LCJpYXQiOjE2Njg5OTc3MjYsIm1lbWJlckVtYWlsIjoicHBwQG5hdmVyLmNvbSJ9.a3TOMVljXpwtvAJJ5PrjU8LmBUEQnVObp7fJUzm48c8R0k8pCju17MwcU9VqXfLB93SVTIMkKa_mRTTVX-61pg',52),(53,'eyJ0eXAiOiJKV1QiLCJhbGciOiJIUzUxMiJ9.eyJzdWIiOiJya2RndXM5NDNAbmF2ZXIuY29tIiwiaXNzIjoic3NhZnkuY29tIiwiZXhwIjoxNjY5NjAzNDA5LCJpYXQiOjE2Njg5OTg2MDksIm1lbWJlckVtYWlsIjoicmtkZ3VzOTQzQG5hdmVyLmNvbSJ9.w6Ln9-M71SiisHp2seBdRRW0efn0oqDt729esLzHcUdAj_BemjT1R6flJmJE1NEJbAtJWYEDO0ydDcmU3nmTXQ',53),(54,'eyJ0eXAiOiJKV1QiLCJhbGciOiJIUzUxMiJ9.eyJzdWIiOiJ5ZHkxMTA3QG5hdmVyLmNvbSIsImlzcyI6InNzYWZ5LmNvbSIsImV4cCI6MTY2OTYwODc1MywiaWF0IjoxNjY5MDAzOTUzLCJtZW1iZXJFbWFpbCI6InlkeTExMDdAbmF2ZXIuY29tIn0.jnfqyzMA3mh9XQ5mtV6x-zFbo9_HvFErUiIu-Hkt7jNGkJ-k_srAcezEdBK87k0rXyhBI0MsMy58TnckYrk1kQ',54),(55,'eyJ0eXAiOiJKV1QiLCJhbGciOiJIUzUxMiJ9.eyJzdWIiOiJ3b25qaDAxQG5hdmVyLmNvbSIsImlzcyI6InNzYWZ5LmNvbSIsImV4cCI6MTY2OTcwNzYxMywiaWF0IjoxNjY5MTAyODEzLCJtZW1iZXJFbWFpbCI6IndvbmpoMDFAbmF2ZXIuY29tIn0.zzTSHvOjGC09vSqepTs1zrYI1orUw6oQMY-jfUrGjk5653chmxoZvQZDVx8ntpI_8Mggf6nJo-P3O0e2ySUSQg',55),(56,'eyJ0eXAiOiJKV1QiLCJhbGciOiJIUzUxMiJ9.eyJzdWIiOiJzc2FmeTA3YTIwQG5hdmVyLmNvbSIsImlzcyI6InNzYWZ5LmNvbSIsImV4cCI6MTY2OTYwODg4OCwiaWF0IjoxNjY5MDA0MDg4LCJtZW1iZXJFbWFpbCI6InNzYWZ5MDdhMjBAbmF2ZXIuY29tIn0.FD-nsZW1-CG0h5bD5Ap0hrre2dr2SlXjWZaGO3V2A2qRtv6c2bMzzzL9hB5-3Sq6rMHGByQY2FRQxPwrTgwp0Q',56),(57,'eyJ0eXAiOiJKV1QiLCJhbGciOiJIUzUxMiJ9.eyJzdWIiOiJheW91bmcucGFya0BtdWx0aWNhbXB1cy5jb20iLCJpc3MiOiJzc2FmeS5jb20iLCJleHAiOjE2Njk2ODU4NTgsImlhdCI6MTY2OTA4MTA1OCwibWVtYmVyRW1haWwiOiJheW91bmcucGFya0BtdWx0aWNhbXB1cy5jb20ifQ.CdZp6dPJTWt4fYqHX-mlB4VkVSJX1B5-TBJjc1rm8NWWluVdwuj-mQqQIgsFwhc0BixDSkLqeCUTOFB0yBVSGg',57),(58,'eyJ0eXAiOiJKV1QiLCJhbGciOiJIUzUxMiJ9.eyJzdWIiOiJxb3FsczEyMTJAbmF2ZXIuY29tIiwiaXNzIjoic3NhZnkuY29tIiwiZXhwIjoxNjY5OTM5MjQyLCJpYXQiOjE2NjkzMzQ0NDIsIm1lbWJlckVtYWlsIjoicW9xbHMxMjEyQG5hdmVyLmNvbSJ9.tAwEwpo6AeXx30IhmOJbwu7bmOB1rQk0uVxLfmU01s5rIJq-Or3qACW7Jbhr20emS1pXITyF_kIuF4EumH_MAA',58),(59,'eyJ0eXAiOiJKV1QiLCJhbGciOiJIUzUxMiJ9.eyJzdWIiOiJraC5raW05NzAwQGdtYWlsLmNvbSIsImlzcyI6InNzYWZ5LmNvbSIsImV4cCI6MTY2OTYxMTQ3NCwiaWF0IjoxNjY5MDA2Njc0LCJtZW1iZXJFbWFpbCI6ImtoLmtpbTk3MDBAZ21haWwuY29tIn0.F5fFoJi4QK1XrfB4VUeF-E5x5WC3OHH_uKeKRYV_Up6IBtuDBRVz8E8E3a_lwwJ6u4K3EnRXS-bQtY9eB0xeLQ',59),(60,'eyJ0eXAiOiJKV1QiLCJhbGciOiJIUzUxMiJ9.eyJzdWIiOiJ0ZXZlbTEyMDdAZ21haWwuY29tIiwiaXNzIjoic3NhZnkuY29tIiwiZXhwIjoxNjY5OTA3NzE4LCJpYXQiOjE2NjkzMDI5MTgsIm1lbWJlckVtYWlsIjoidGV2ZW0xMjA3QGdtYWlsLmNvbSJ9.8wbWNh6ZhoZx-148pUDYZXQWfDvdHsSAtjpOZccTQCEp5iECg1OWeiwMuL8FuYu9dx-acQUzi6UFGpOI36j5dA',60),(61,'eyJ0eXAiOiJKV1QiLCJhbGciOiJIUzUxMiJ9.eyJzdWIiOiJoYXJ1QGdtYWlsLmNvbSIsImlzcyI6InNzYWZ5LmNvbSIsImV4cCI6MTY2OTYwODg5MywiaWF0IjoxNjY5MDA0MDkzLCJtZW1iZXJFbWFpbCI6ImhhcnVAZ21haWwuY29tIn0.l-g-2o_2Gb0wWXphLR1S2AB8Wp4n-1IKJc5OY34qxD8R3uuDKUR3my6Fx2Z6uCCtPx-Enyn-tLphcafWe-U9gQ',61),(62,'eyJ0eXAiOiJKV1QiLCJhbGciOiJIUzUxMiJ9.eyJzdWIiOiJtc21zMTJAbmF2ZXIuY29tIiwiaXNzIjoic3NhZnkuY29tIiwiZXhwIjoxNjY5NjI1NTY3LCJpYXQiOjE2NjkwMjA3NjcsIm1lbWJlckVtYWlsIjoibXNtczEyQG5hdmVyLmNvbSJ9.QKMoncfmSe8UozeE87SPI3VmUHwDOWtZgczCCAzf3pVxycE90obeZUpPIWPVfaaeo5XuJnOoQD_n-zMGVvu4tA',62),(63,'eyJ0eXAiOiJKV1QiLCJhbGciOiJIUzUxMiJ9.eyJzdWIiOiJzc2FmeS5hMjA2QGdtYWlsLmNvbSIsImlzcyI6InNzYWZ5LmNvbSIsImV4cCI6MTY2OTYxMTI3MywiaWF0IjoxNjY5MDA2NDczLCJtZW1iZXJFbWFpbCI6InNzYWZ5LmEyMDZAZ21haWwuY29tIn0.o90YzrnU60EGkdQo7v1jD3GIBDJ9HN5V44olqbpdYdLGLebzGmdbsr5ZS37dn-WJdIQT8mDBda3Wn5CUaVIbJQ',63),(64,'eyJ0eXAiOiJKV1QiLCJhbGciOiJIUzUxMiJ9.eyJzdWIiOiJkYW5pamRlNzFAbmF2ZXIuY29tIiwiaXNzIjoic3NhZnkuY29tIiwiZXhwIjoxNjY5NjEzNTI3LCJpYXQiOjE2NjkwMDg3MjcsIm1lbWJlckVtYWlsIjoiZGFuaWpkZTcxQG5hdmVyLmNvbSJ9.3W_IReRY2EstHXQlF6tEv4k0ipTNwga4qS_hsL8hBMxY4GYbgNxav8meP95HFbPNHtJm5z6lwinCHU54RxMv3Q',64),(65,'eyJ0eXAiOiJKV1QiLCJhbGciOiJIUzUxMiJ9.eyJzdWIiOiJuZXdAbmF2ZXIuY29tIiwiaXNzIjoic3NhZnkuY29tIiwiZXhwIjoxNjY5NjExNjU3LCJpYXQiOjE2NjkwMDY4NTcsIm1lbWJlckVtYWlsIjoibmV3QG5hdmVyLmNvbSJ9.NaEwr56AYBGyst45FTh0_6r-hVezHdms7rrbY1YRHn84-f6-t85ysbASSLyvBJY5HDfX1OAQassIBokSeXHwxA',65),(66,'eyJ0eXAiOiJKV1QiLCJhbGciOiJIUzUxMiJ9.eyJzdWIiOiJnZ2dnQG5hdmVyLmNvbSIsImlzcyI6InNzYWZ5LmNvbSIsImV4cCI6MTY2OTYxMzU3MCwiaWF0IjoxNjY5MDA4NzcwLCJtZW1iZXJFbWFpbCI6ImdnZ2dAbmF2ZXIuY29tIn0.Kzg0B5Y-HdAT6ZacKuZPrpnWv65kDHAuWABr8PloJZiq_ocMPjqswFX--ABYMduR0qk5sipvTJfs-zvOouWB1A',66),(67,'eyJ0eXAiOiJKV1QiLCJhbGciOiJIUzUxMiJ9.eyJzdWIiOiJ0ZXN0NTI1QGdtYWlsLmNvbSIsImlzcyI6InNzYWZ5LmNvbSIsImV4cCI6MTY2OTYxNDY3MCwiaWF0IjoxNjY5MDA5ODcwLCJtZW1iZXJFbWFpbCI6InRlc3Q1MjVAZ21haWwuY29tIn0.u91V2ZlpuZQsR1sFi0XAp9oIFp5QIbLwk3tVRaWfktf2fqLCbgZLzN6eqfx7aP0rr4ZWISLohnl0AZ90YeTtmQ',67),(68,'eyJ0eXAiOiJKV1QiLCJhbGciOiJIUzUxMiJ9.eyJzdWIiOiJ3bGR1c2RsMTAyM0BuYXZlci5jb20iLCJpc3MiOiJzc2FmeS5jb20iLCJleHAiOjE2Njk2MjA5MDUsImlhdCI6MTY2OTAxNjEwNSwibWVtYmVyRW1haWwiOiJ3bGR1c2RsMTAyM0BuYXZlci5jb20ifQ.-kfiTf1wstiQWyTY38jYNemoxgnFiW_s49dt7VT3XSj_VgHIsqEJFthbUI69nu3BqbuOqtFh_wiA5nohVb3OMg',68),(69,'eyJ0eXAiOiJKV1QiLCJhbGciOiJIUzUxMiJ9.eyJzdWIiOiJqdWx5bnowNzIxQGdtYWlsLmNvbSIsImlzcyI6InNzYWZ5LmNvbSIsImV4cCI6MTY2OTYyOTU3NiwiaWF0IjoxNjY5MDI0Nzc2LCJtZW1iZXJFbWFpbCI6Imp1bHluejA3MjFAZ21haWwuY29tIn0.3TfQTIe2vadrpLwUrdn0zbYs_rBwy9ueSoUCK3sn_ExjzDACukKx35MN8DlYKBcwkyntLnx5uf68LoId4psgfw',69),(70,'eyJ0eXAiOiJKV1QiLCJhbGciOiJIUzUxMiJ9.eyJzdWIiOiJhQG4uY29tIiwiaXNzIjoic3NhZnkuY29tIiwiZXhwIjoxNjY5NjQyNzAyLCJpYXQiOjE2NjkwMzc5MDIsIm1lbWJlckVtYWlsIjoiYUBuLmNvbSJ9.8JVKpmh8pT_36gsnVQd6jok_U90THsUDv3rw_dQBDvXrWzTvclboxvawz3rksd_i3nCHJGtR0S9ilV_1KJ2KBA',70),(71,'eyJ0eXAiOiJKV1QiLCJhbGciOiJIUzUxMiJ9.eyJzdWIiOiJ0a2RsZm5kQG5hdmVyLmNvbSIsImlzcyI6InNzYWZ5LmNvbSIsImV4cCI6MTY2OTYzODU0NiwiaWF0IjoxNjY5MDMzNzQ2LCJtZW1iZXJFbWFpbCI6InRrZGxmbmRAbmF2ZXIuY29tIn0.Cy_NfpmYKaujlMrbRxqv9Qr0nSMVUjOLWZ1GNcxH1GioNkasBtSFJlu5u62kv5sZeW47c0x2V0nApm57ENHiRw',71),(72,'eyJ0eXAiOiJKV1QiLCJhbGciOiJIUzUxMiJ9.eyJzdWIiOiJjaHdvbjAzQG5hdmVyLmNvbSIsImlzcyI6InNzYWZ5LmNvbSIsImV4cCI6MTY2OTk1ODkwNCwiaWF0IjoxNjY5MzU0MTA0LCJtZW1iZXJFbWFpbCI6ImNod29uMDNAbmF2ZXIuY29tIn0.IWgHs6NXBADpQFgFY4C8kBJWisf7HDR2Ta5vf4so1dMeRrHYWPL-veUJisxPHIaZcTXiShcIRKCbrl3ISl3jgQ',72),(73,'eyJ0eXAiOiJKV1QiLCJhbGciOiJIUzUxMiJ9.eyJzdWIiOiJrY2k4MzExQGdtYWlsLmNvbSIsImlzcyI6InNzYWZ5LmNvbSIsImV4cCI6MTY2OTcwNTA1MiwiaWF0IjoxNjY5MTAwMjUyLCJtZW1iZXJFbWFpbCI6ImtjaTgzMTFAZ21haWwuY29tIn0.IFGWy-MK3_yU6yuiiADyu32gK6m481t3wn8kN1wgOM897GXiESrWxVZGknn5af-hfXUOo0OZ9VQ7xUj5LGmUwg',73),(74,'eyJ0eXAiOiJKV1QiLCJhbGciOiJIUzUxMiJ9.eyJzdWIiOiJjaHNoaW41OUBnbWFpbC5jb20iLCJpc3MiOiJzc2FmeS5jb20iLCJleHAiOjE2Njk3MDU3OTEsImlhdCI6MTY2OTEwMDk5MSwibWVtYmVyRW1haWwiOiJjaHNoaW41OUBnbWFpbC5jb20ifQ.LJQBKwuILVM4CBxh9l1UzeMmO3tyyulJMaSReEoKmrTZPiyDnylXG_uH7kT_Z4SeLpt6hOOzH_QmoManZzAh_Q',74),(75,'eyJ0eXAiOiJKV1QiLCJhbGciOiJIUzUxMiJ9.eyJzdWIiOiJkZGRAZ21haWwuY29tIiwiaXNzIjoic3NhZnkuY29tIiwiZXhwIjoxNjY5NzA4MzA2LCJpYXQiOjE2NjkxMDM1MDYsIm1lbWJlckVtYWlsIjoiZGRkQGdtYWlsLmNvbSJ9.d91WKwwwuGcbN7vXTk5MYNm213W8uRsKZ5vp7HkKaV6v-shlX1_T4DdKGuAR1d-1h2sWl2wE1QlaijXmWbGpag',75),(76,'eyJ0eXAiOiJKV1QiLCJhbGciOiJIUzUxMiJ9.eyJzdWIiOiJ3b25qaDEwQG5hdmVyLmNvbSIsImlzcyI6InNzYWZ5LmNvbSIsImV4cCI6MTY2OTcwOTA5MCwiaWF0IjoxNjY5MTA0MjkwLCJtZW1iZXJFbWFpbCI6IndvbmpoMTBAbmF2ZXIuY29tIn0.3cBlkEV9ANWih2wVN-1pr6F8LZ7aGW-CEGtANaCjqUei7ErwgpB822nHglkBf1saHItFAkkh3dkLRwsE6Wxg_w',76),(77,'eyJ0eXAiOiJKV1QiLCJhbGciOiJIUzUxMiJ9.eyJzdWIiOiJnbWx0anM0MTA3QGdtYWlsLmNvbSIsImlzcyI6InNzYWZ5LmNvbSIsImV4cCI6MTY2OTcwOTI2NSwiaWF0IjoxNjY5MTA0NDY1LCJtZW1iZXJFbWFpbCI6ImdtbHRqczQxMDdAZ21haWwuY29tIn0.lFbSG2KlNiFGRW0PxyRX3KnYFbBqI0G4C2kiiDDnVuNlYlE9KtfPNf_ShzJPXSmpdS_yDNb5YgiUpF-EF0rKVg',77),(78,'eyJ0eXAiOiJKV1QiLCJhbGciOiJIUzUxMiJ9.eyJzdWIiOiJoeW5hbW9oQG5hdmVyLmNvbSIsImlzcyI6InNzYWZ5LmNvbSIsImV4cCI6MTY2OTcwOTgxMCwiaWF0IjoxNjY5MTA1MDEwLCJtZW1iZXJFbWFpbCI6Imh5bmFtb2hAbmF2ZXIuY29tIn0.TLnGSnd1bvxFql3lRFIWOaLtnRW3eik-OingzVweZ7pw1V08U0iwRwlxdOu5eCS-F4IygV7EIUuj4qOutWdV9g',78),(79,'eyJ0eXAiOiJKV1QiLCJhbGciOiJIUzUxMiJ9.eyJzdWIiOiJ3b25qaDAwQG5hdmVyLmNvbSIsImlzcyI6InNzYWZ5LmNvbSIsImV4cCI6MTY2OTkzODkyMCwiaWF0IjoxNjY5MzM0MTIwLCJtZW1iZXJFbWFpbCI6IndvbmpoMDBAbmF2ZXIuY29tIn0.2ZtQFAMv7AaANfqhWp4L427EhHmaIL8NXGFBI3n7er00dKABlZY0KwzP5itCdm-hrKA2cfDtCjff6V7EU1xmpA',79),(80,'eyJ0eXAiOiJKV1QiLCJhbGciOiJIUzUxMiJ9.eyJzdWIiOiJhYUBzZGYuY29tIiwiaXNzIjoic3NhZnkuY29tIiwiZXhwIjoxNjY5NzA5OTY3LCJpYXQiOjE2NjkxMDUxNjcsIm1lbWJlckVtYWlsIjoiYWFAc2RmLmNvbSJ9.bJVx6g4WbtUljzdPbjw-N4Ig3KgzNnUUeEOWbr2OTieicDOWwK0kki3vEprBs7v6bdqD83_1ZVsuwn3uEj45PQ',80),(81,'eyJ0eXAiOiJKV1QiLCJhbGciOiJIUzUxMiJ9.eyJzdWIiOiJjb2FjaDEwQHNzYWZ5LmNvbSIsImlzcyI6InNzYWZ5LmNvbSIsImV4cCI6MTY2OTk1MzQ2NiwiaWF0IjoxNjY5MzQ4NjY2LCJtZW1iZXJFbWFpbCI6ImNvYWNoMTBAc3NhZnkuY29tIn0.ftdN4To7BUdVhgWPH5pjEuY9OX29URFEofV7fmvThVcFVKMI4JLn0PDryEpApaQ0_pXI9vGoIpjJbgdAxVAuFA',81),(82,'eyJ0eXAiOiJKV1QiLCJhbGciOiJIUzUxMiJ9.eyJzdWIiOiJleGFtcGxlQGdtYWlsLmNvbSIsImlzcyI6InNzYWZ5LmNvbSIsImV4cCI6MTY2OTczMzgzMCwiaWF0IjoxNjY5MTI5MDMwLCJtZW1iZXJFbWFpbCI6ImV4YW1wbGVAZ21haWwuY29tIn0.m-VwXvxa6usm4Uk_O1iKefBcx-4PGdoaDPL1IjYelqG6ACnQxDF7PPgeCsfTnSrausaRanvUnx_dPksrHs7OjA',82),(83,'eyJ0eXAiOiJKV1QiLCJhbGciOiJIUzUxMiJ9.eyJzdWIiOiJsanNAbmF2ZXIuY29tIiwiaXNzIjoic3NhZnkuY29tIiwiZXhwIjoxNjY5NzcwNTY1LCJpYXQiOjE2NjkxNjU3NjUsIm1lbWJlckVtYWlsIjoibGpzQG5hdmVyLmNvbSJ9.VyfzENpjan5zEBP7yQSVwzQB93BnBG3J2rALQNOGdfwTUDEhsBFPdgvC1lui0A8-X2uXlnKMHaXBkDZzrJnWuw',83),(84,'eyJ0eXAiOiJKV1QiLCJhbGciOiJIUzUxMiJ9.eyJzdWIiOiJhYmNkMTIzNEBnbWFpbC5jb20iLCJpc3MiOiJzc2FmeS5jb20iLCJleHAiOjE2Njk3NzA2NzAsImlhdCI6MTY2OTE2NTg3MCwibWVtYmVyRW1haWwiOiJhYmNkMTIzNEBnbWFpbC5jb20ifQ.gMxzxmHDGpNF_AIsa2VCtlDo4RL11lu3FyiL7mZSV-bUHXks4QDVhJrn4dpzPooG9APVPAhO8YqDazSgtqzIUw',84),(85,'eyJ0eXAiOiJKV1QiLCJhbGciOiJIUzUxMiJ9.eyJzdWIiOiJka3NndXNhaEBnbWFpbC5jb20iLCJpc3MiOiJzc2FmeS5jb20iLCJleHAiOjE2Njk3NzA3OTUsImlhdCI6MTY2OTE2NTk5NSwibWVtYmVyRW1haWwiOiJka3NndXNhaEBnbWFpbC5jb20ifQ.Q-dmNB831MrwvJskJgQaFjCZmwnDCCN1jprOeq1HvwfO3pviAeGhKbPeXec8le8FxrS3BcRr1zEtQ6O5frLMnA',85),(86,'eyJ0eXAiOiJKV1QiLCJhbGciOiJIUzUxMiJ9.eyJzdWIiOiJsaXR0bGVzYW50YUBuYXZlci5jb20iLCJpc3MiOiJzc2FmeS5jb20iLCJleHAiOjE2Njk3ODg2OTMsImlhdCI6MTY2OTE4Mzg5MywibWVtYmVyRW1haWwiOiJsaXR0bGVzYW50YUBuYXZlci5jb20ifQ.ESCLNSoJ_038SXBTRaDwwujm_EK6gxOvR1o0GUMibfBPQiV504TKd7XFtxmBTe3nr1E-PLDfFplDW8OVDy0fPA',86),(87,'eyJ0eXAiOiJKV1QiLCJhbGciOiJIUzUxMiJ9.eyJzdWIiOiJ0amR5dHBxMDMxMEBnbWFpbC5jb20iLCJpc3MiOiJzc2FmeS5jb20iLCJleHAiOjE2Njk3OTY5NjUsImlhdCI6MTY2OTE5MjE2NSwibWVtYmVyRW1haWwiOiJ0amR5dHBxMDMxMEBnbWFpbC5jb20ifQ.1zXWq4XCV82U2KsL3WeeHeLQQipbf3iKcGQnPkPujCCEEarxmwAAeFor3u5F8lodAgr0-9W8q7bwNacKOf2y6A',87),(88,'eyJ0eXAiOiJKV1QiLCJhbGciOiJIUzUxMiJ9.eyJzdWIiOiJzdW55ZW9uZzA0MTJAbmF2ZXIuY29tIiwiaXNzIjoic3NhZnkuY29tIiwiZXhwIjoxNjY5ODU1NTYxLCJpYXQiOjE2NjkyNTA3NjEsIm1lbWJlckVtYWlsIjoic3VueWVvbmcwNDEyQG5hdmVyLmNvbSJ9.CUI4HkgfJitIuCiQehgbbj8_sdG37PQ2vXHEPKPvUFytcge7foVV493X6FwrYgkdXKtnxMNd95fKhnuLO6nOhw',88),(89,'eyJ0eXAiOiJKV1QiLCJhbGciOiJIUzUxMiJ9.eyJzdWIiOiJnaGprNDg1MkBnbWFpbC5jb20iLCJpc3MiOiJzc2FmeS5jb20iLCJleHAiOjE2Njk5MDY5NjUsImlhdCI6MTY2OTMwMjE2NSwibWVtYmVyRW1haWwiOiJnaGprNDg1MkBnbWFpbC5jb20ifQ.J-___8Dt87zcqem_CWmKQydS3zPTMcgBHNfK8yg0G1nb-2q8uQwALl6KicDKV2OYJ_tAtMGZ39pWL2mTdnOEJA',89),(90,'eyJ0eXAiOiJKV1QiLCJhbGciOiJIUzUxMiJ9.eyJzdWIiOiJjazk2MzI5NkBuYXZlci5jb20iLCJpc3MiOiJzc2FmeS5jb20iLCJleHAiOjE2Njk4NjQyMzcsImlhdCI6MTY2OTI1OTQzNywibWVtYmVyRW1haWwiOiJjazk2MzI5NkBuYXZlci5jb20ifQ.Pe6IQkeOt3_XeLXPsDiWOEtNM2fEnlsMOzMeOtjgN2LzCGZW48H8vtliUTBMIMMJIRCuh4RYnjuMzIT0oSyzFg',90),(91,'eyJ0eXAiOiJKV1QiLCJhbGciOiJIUzUxMiJ9.eyJzdWIiOiJoaW5vZWwxQG5hdmVyLmNvbSIsImlzcyI6InNzYWZ5LmNvbSIsImV4cCI6MTY2OTg2NjUyMiwiaWF0IjoxNjY5MjYxNzIyLCJtZW1iZXJFbWFpbCI6Imhpbm9lbDFAbmF2ZXIuY29tIn0.Ci4BwnIGWbZjuoEYgHbv3ijUaAZWKLmcSKv2gCpUsfMg9oQFH1wzdD7rKyliS65N1Jxmp_AHu6BiiJKwqLTuWg',91),(92,'eyJ0eXAiOiJKV1QiLCJhbGciOiJIUzUxMiJ9.eyJzdWIiOiJ0anJiMTIzQG5hdmVyLmNvbSIsImlzcyI6InNzYWZ5LmNvbSIsImV4cCI6MTY2OTg3MDAzOCwiaWF0IjoxNjY5MjY1MjM4LCJtZW1iZXJFbWFpbCI6InRqcmIxMjNAbmF2ZXIuY29tIn0.xJQNrIqml8rBt3HHfYQhgPMGaGEnLhR2O1j-E4YcwmJvDX4Bdn_nvYmkYoll2AnctgUzKwH6J_gUsj_omtK6NQ',92),(93,'eyJ0eXAiOiJKV1QiLCJhbGciOiJIUzUxMiJ9.eyJzdWIiOiIxMTFAMS4xIiwiaXNzIjoic3NhZnkuY29tIiwiZXhwIjoxNjY5ODcwMzAxLCJpYXQiOjE2NjkyNjU1MDEsIm1lbWJlckVtYWlsIjoiMTExQDEuMSJ9.dmUVJgeQhHAQNgLV0mt2VQ34ypn66yQOH5gnIyVGDVozVx5W3VMsSiAYhxLvgKiHthSdHADpyIMGQEP--yg42g',93),(94,'eyJ0eXAiOiJKV1QiLCJhbGciOiJIUzUxMiJ9.eyJzdWIiOiJhYmNAZGVmLmNvbSIsImlzcyI6InNzYWZ5LmNvbSIsImV4cCI6MTY2OTkwMTgzMCwiaWF0IjoxNjY5Mjk3MDMwLCJtZW1iZXJFbWFpbCI6ImFiY0BkZWYuY29tIn0.PNROZaigKru4Lmgt6anftekpAQavmUlR4PxfNWSv37bHmRxQ3-HESgq5_lxe76QGrT8Rp1lOeUY99MH4bBgLQQ',94),(95,'eyJ0eXAiOiJKV1QiLCJhbGciOiJIUzUxMiJ9.eyJzdWIiOiJmZHNmZHNAZ21haWwuY29tIiwiaXNzIjoic3NhZnkuY29tIiwiZXhwIjoxNjY5OTAzNjg3LCJpYXQiOjE2NjkyOTg4ODcsIm1lbWJlckVtYWlsIjoiZmRzZmRzQGdtYWlsLmNvbSJ9.vzxf-eWwi_FxGoSZIVBO70Qz468MbgoACBOTIGnmkH4u-9SZ2I3E2rcU8lIVXkWPnYJuq7V5tRMGDrD-1d5sYw',95),(96,'eyJ0eXAiOiJKV1QiLCJhbGciOiJIUzUxMiJ9.eyJzdWIiOiJya2ZsYTUwMzBAbmF2ZXIuY29tIiwiaXNzIjoic3NhZnkuY29tIiwiZXhwIjoxNjY5OTA3ODk0LCJpYXQiOjE2NjkzMDMwOTQsIm1lbWJlckVtYWlsIjoicmtmbGE1MDMwQG5hdmVyLmNvbSJ9.bkW1hYjhlxaGtIoz9Nzwpif-Ty1ysEoquZ9KpZFocnuo48iwt-NDJv8yx9yCFVx7RXCgSaWXbk9p75ZsRfvepw',96),(97,'eyJ0eXAiOiJKV1QiLCJhbGciOiJIUzUxMiJ9.eyJzdWIiOiJzc2FmeTFAbmF2ZXIuY29tIiwiaXNzIjoic3NhZnkuY29tIiwiZXhwIjoxNjY5OTM5MzAzLCJpYXQiOjE2NjkzMzQ1MDMsIm1lbWJlckVtYWlsIjoic3NhZnkxQG5hdmVyLmNvbSJ9._UKqspvI4H5_iIt9SMlf3nWXscNMb2OnsrmKaRIRBuJQzPh3LMbU152NOGZ6v7EM92mSTQ9eYXdXwJSn3px5bQ',97),(98,'eyJ0eXAiOiJKV1QiLCJhbGciOiJIUzUxMiJ9.eyJzdWIiOiJoaUBoaS5jb20iLCJpc3MiOiJzc2FmeS5jb20iLCJleHAiOjE2Njk5Mzk0MzgsImlhdCI6MTY2OTMzNDYzOCwibWVtYmVyRW1haWwiOiJoaUBoaS5jb20ifQ.UmqVyWsQs9GOnSXlubO6IYaBnIAfglY2ZwpJFw_Sq4tq2vFJhzDoLLacVPDi3E47yRWgQhMq2CqMLa5NqsVFqw',98),(99,'eyJ0eXAiOiJKV1QiLCJhbGciOiJIUzUxMiJ9.eyJzdWIiOiJzc2FmeTJAbmF2ZXIuY29tIiwiaXNzIjoic3NhZnkuY29tIiwiZXhwIjoxNjY5OTU3NzM2LCJpYXQiOjE2NjkzNTI5MzYsIm1lbWJlckVtYWlsIjoic3NhZnkyQG5hdmVyLmNvbSJ9._goJHjhHPrBopGTfy4CgZq2kMix4wHaZJHn2hGgCM6Au3bbUKWrDVCyMIMBnlQ0IEbRfl6UoEewXErGxxNFTvA',99),(100,'eyJ0eXAiOiJKV1QiLCJhbGciOiJIUzUxMiJ9.eyJzdWIiOiJxbmRqZDcxMUBnbWFpbC5jb20iLCJpc3MiOiJzc2FmeS5jb20iLCJleHAiOjE2Njk5NDA3NzksImlhdCI6MTY2OTMzNTk3OSwibWVtYmVyRW1haWwiOiJxbmRqZDcxMUBnbWFpbC5jb20ifQ.xHcZbmB-vyZOaihg7zHMSp22Lo5QRkY6l7gogAuaU-HW-GqY_SKqpphL3uDaohj04iINltjNAtPXohaSWSLmAA',100),(101,'eyJ0eXAiOiJKV1QiLCJhbGciOiJIUzUxMiJ9.eyJzdWIiOiJ0ZXN0MTAxQGdtYWlsLmNvbSIsImlzcyI6InNzYWZ5LmNvbSIsImV4cCI6MTY2OTk0MDc2MywiaWF0IjoxNjY5MzM1OTYzLCJtZW1iZXJFbWFpbCI6InRlc3QxMDFAZ21haWwuY29tIn0.F_RXgr3Lf-smtQwr0W-gqsG_Uvf8wcI7f8aLuEEjxfjPc9qPJwVFvnezX-4ta6UggYc8UdChedpolJQzB6vndA',101),(102,'eyJ0eXAiOiJKV1QiLCJhbGciOiJIUzUxMiJ9.eyJzdWIiOiJTT0xATkFWRVIuQ09NIiwiaXNzIjoic3NhZnkuY29tIiwiZXhwIjoxNjY5OTQwODYyLCJpYXQiOjE2NjkzMzYwNjIsIm1lbWJlckVtYWlsIjoiU09MQE5BVkVSLkNPTSJ9.WRA7E9weJd6jFzImG2ZYJsFyXNuq_ZIqFWcfPJbrJv0Py4a_jf8ywbWkG1dbn2V7lqFsGEOxIP3_IdiLT6xlvw',102),(103,'eyJ0eXAiOiJKV1QiLCJhbGciOiJIUzUxMiJ9.eyJzdWIiOiJzc2FmeXRlc3RAc3NhZnkuY29tIiwiaXNzIjoic3NhZnkuY29tIiwiZXhwIjoxNjY5OTQyMTg4LCJpYXQiOjE2NjkzMzczODgsIm1lbWJlckVtYWlsIjoic3NhZnl0ZXN0QHNzYWZ5LmNvbSJ9.v9WMpY_EmBBETuYDNjmzsqzHLQHmvw2XkDt5Ok8zEU43hF0jYPZdG7__NhUtBT3h7Z7uSDleNgf6PKcseKV36g',103),(104,'eyJ0eXAiOiJKV1QiLCJhbGciOiJIUzUxMiJ9.eyJzdWIiOiJza3kyNTA1MkBuYXZlci5jb20iLCJpc3MiOiJzc2FmeS5jb20iLCJleHAiOjE2Njk5NDM1NDcsImlhdCI6MTY2OTMzODc0NywibWVtYmVyRW1haWwiOiJza3kyNTA1MkBuYXZlci5jb20ifQ.tgBFQ9pd3869GxQZTR7Rzybcl4Dm3JD50vsTnzFMFon4AzFq5StR8mNkjFtbLDxPQAIWvoAENKm9-P3wAUT3Kg',104),(105,'eyJ0eXAiOiJKV1QiLCJhbGciOiJIUzUxMiJ9.eyJzdWIiOiJoYWV1bkBzc2FmeS5jb20iLCJpc3MiOiJzc2FmeS5jb20iLCJleHAiOjE2Njk5NDQ4NzksImlhdCI6MTY2OTM0MDA3OSwibWVtYmVyRW1haWwiOiJoYWV1bkBzc2FmeS5jb20ifQ.tcu7df-wW_j0GEKedSWQFwD7LOH0KOjXfdIn66CkfQXTn_7OGWjuXdoeFvok8yqRP2Rcz6sp6ZYIJ3m1v9IOzA',105),(106,'eyJ0eXAiOiJKV1QiLCJhbGciOiJIUzUxMiJ9.eyJzdWIiOiJyb3ZlcjQ4QGhhbm1haWwubmV0IiwiaXNzIjoic3NhZnkuY29tIiwiZXhwIjoxNjY5OTQ1MzY0LCJpYXQiOjE2NjkzNDA1NjQsIm1lbWJlckVtYWlsIjoicm92ZXI0OEBoYW5tYWlsLm5ldCJ9.cGtjmqQlOectTqSctRq9_JqWn1Cwuvi323WKqtMc-od82dz2NJ7jLJukPhKq00z68C-WoePS83eVnMJ1mNq1AA',106),(107,'eyJ0eXAiOiJKV1QiLCJhbGciOiJIUzUxMiJ9.eyJzdWIiOiJycmltbTAxMkBnbWFpbC5jb20iLCJpc3MiOiJzc2FmeS5jb20iLCJleHAiOjE2Njk5NTczMDAsImlhdCI6MTY2OTM1MjUwMCwibWVtYmVyRW1haWwiOiJycmltbTAxMkBnbWFpbC5jb20ifQ.gOsFW2_ut_54PoWm2eBHgJhBy-GPYq6WYLNcUku5Ph2rvlbh7a83tmlNFoW-RNDZu6u0vTce2wqcnWfdVcN46w',107);
/*!40000 ALTER TABLE `refresh_token` ENABLE KEYS */;
UNLOCK TABLES;

--
-- Table structure for table `seal`
--

DROP TABLE IF EXISTS `seal`;
/*!40101 SET @saved_cs_client     = @@character_set_client */;
/*!50503 SET character_set_client = utf8mb4 */;
CREATE TABLE `seal` (
  `seal_id` bigint NOT NULL AUTO_INCREMENT,
  `seal_name` varchar(20) DEFAULT NULL,
  `seal_url` varchar(500) DEFAULT NULL,
  PRIMARY KEY (`seal_id`)
) ENGINE=InnoDB AUTO_INCREMENT=13 DEFAULT CHARSET=utf8mb3;
/*!40101 SET character_set_client = @saved_cs_client */;

--
-- Dumping data for table `seal`
--

LOCK TABLES `seal` WRITE;
/*!40000 ALTER TABLE `seal` DISABLE KEYS */;
INSERT INTO `seal` VALUES (1,'루돌프','https://internsanta.s3.ap-northeast-2.amazonaws.com/seal/rudolf.png'),(2,'눈송이','https://internsanta.s3.ap-northeast-2.amazonaws.com/seal/snow.png'),(3,'양초','https://internsanta.s3.ap-northeast-2.amazonaws.com/seal/candle.png'),(4,'징글벨','https://internsanta.s3.ap-northeast-2.amazonaws.com/seal/bell.png'),(5,'지팡이사탕','https://internsanta.s3.ap-northeast-2.amazonaws.com/seal/candy.png'),(6,'트리','https://internsanta.s3.ap-northeast-2.amazonaws.com/seal/tree.png'),(7,'눈사람','https://internsanta.s3.ap-northeast-2.amazonaws.com/seal/snowman.png'),(8,'진저쿠키','https://internsanta.s3.ap-northeast-2.amazonaws.com/seal/cookie.png'),(9,'산타클로스','https://internsanta.s3.ap-northeast-2.amazonaws.com/seal/santa.png'),(10,'핫초코','https://internsanta.s3.ap-northeast-2.amazonaws.com/seal/choco.png'),(11,'양말','https://internsanta.s3.ap-northeast-2.amazonaws.com/seal/socks.png'),(12,'선물상자','https://internsanta.s3.ap-northeast-2.amazonaws.com/seal/gift.png');
/*!40000 ALTER TABLE `seal` ENABLE KEYS */;
UNLOCK TABLES;
/*!40103 SET TIME_ZONE=@OLD_TIME_ZONE */;

/*!40101 SET SQL_MODE=@OLD_SQL_MODE */;
/*!40014 SET FOREIGN_KEY_CHECKS=@OLD_FOREIGN_KEY_CHECKS */;
/*!40014 SET UNIQUE_CHECKS=@OLD_UNIQUE_CHECKS */;
/*!40101 SET CHARACTER_SET_CLIENT=@OLD_CHARACTER_SET_CLIENT */;
/*!40101 SET CHARACTER_SET_RESULTS=@OLD_CHARACTER_SET_RESULTS */;
/*!40101 SET COLLATION_CONNECTION=@OLD_COLLATION_CONNECTION */;
/*!40111 SET SQL_NOTES=@OLD_SQL_NOTES */;

-- Dump completed on 2022-11-25 16:27:16
